Đến nội dung	Skip to content	本文へ移動
Trang chủ	Home	ホーム
Học Viện	Academy	アカデミー
Cộng đồng	Community	コミュニティ
Sản phẩm	Products	商品
Ứng dụng	App	アプリ
Về HOPE CORP	About HOPE CORP	HOPE CORPについて
IKI – Chăm mình khỏe đẹp, cùng gia đình sống khỏe	IKI – Everyday wellbeing for you and your family	IKI – 自分と家族のための、毎日の健やかな暮らし
IKI · CHĂM SÓC SỨC KHỎE CHỦ ĐỘNG	IKI · EVERYDAY WELLBEING	IKI · 毎日のセルフケア
Chăm mình mỗi ngày.	Care for yourself.	毎日、自分を大切に。
Cùng người mình thương	Share a healthier life	大切な人と一緒に、
sống khỏe.	with the people you love.	健やかな暮らしを。
Kiến thức dễ hiểu. Thói quen vừa sức. Có công nghệ và cộng đồng đồng hành — từ việc chăm chị đến những điều chị muốn dành cho gia đình.	Clear knowledge. Manageable habits. Technology and a community alongside you — for your own wellbeing and the care you share with your family.	わかりやすい知識、無理なく続けられる習慣。テクノロジーとコミュニティが、自分自身と家族を大切にする毎日を支えます。
Khám phá hệ sinh thái	Explore IKI	IKIの取り組みを見る
Đọc cùng IKI	Read with IKI	IKIの記事を読む
ĐẸP · AN · TỰ TẠI	BEAUTY · CALM · EASE	美しさ · 安らぎ · 自分らしさ
Một khoảng cho mình.	A little time for yourself.	自分のためのひとときを。
Một nhịp sống cùng nhau.	A way of living, together.	ともに育む、暮らしのリズム。
MỘT HỆ SINH THÁI, NHIỀU CÁCH BẮT ĐẦU	ONE ECOSYSTEM, MANY WAYS TO BEGIN	ひとつのつながり、さまざまな始め方
Điều chị cần,	Find a place for	今のあなたに必要なことを、
có một nơi để tìm.	what you need.	見つけられる場所。
IKI kết nối kiến thức, thực hành, cộng đồng và sản phẩm. Chị chọn điểm bắt đầu phù hợp với mình.	IKI connects knowledge, everyday practice, community and products. Choose the starting point that suits you.	IKIは、知識・実践・コミュニティ・商品をつなぎます。自分に合った一歩から始めてみませんか。
Hiểu để chăm	Learn to care	知ることから、ケアへ
Blog và Học Viện giúp chị tìm hiểu điều mình đang quan tâm, từng bước một.	Explore what matters to you through our Blog and Academy, one step at a time.	ブログとアカデミーで、気になることを一つずつ学べます。
Khám phá →	Explore →	詳しく見る →
Thực hành mỗi ngày	Build everyday habits	毎日の習慣に
IKI Beauty đang được phát triển để hỗ trợ nhịp chăm mình, có AI đồng hành.	IKI Beauty is in development to support your daily self-care, with AI assistance.	AIのサポートで日々のセルフケアを続けやすくするアプリ、IKI Beautyを開発中です。
Có người cùng bước	Find your community	一緒に歩む仲間
Kết nối, hỏi và chia sẻ với cộng đồng theo nhịp riêng của chị.	Connect, ask questions and share with the community at your own pace.	自分のペースでつながり、質問し、経験を共有できます。
Chọn theo nhu cầu	Choose what fits	自分に合うものを
Tìm hiểu sản phẩm, đọc thông tin rõ ràng và chủ động lựa chọn.	Explore products, read their information and make your own informed choices.	商品の情報を確認し、納得して選べるように。
SỨC KHỎE TRONG ĐỜI SỐNG	WELLBEING IN EVERYDAY LIFE	暮らしの中の健やかさ
Từ một bữa ăn.	A meal.	一度の食事から。
Một giấc nghỉ.	A moment of rest.	ひとときの休息から。
Một chút vận động.	A little movement.	少し体を動かすことから。
Không phải lúc nào chị cũng có thời gian để thay đổi cả lịch sinh hoạt. Mình có thể bắt đầu bằng một việc nhỏ, đủ gần với ngày hôm nay.	You do not have to rearrange your whole life. Begin with one small change that fits into today.	生活のすべてを変える必要はありません。今日の暮らしに取り入れられる、小さなことから始めましょう。
IKI dành chỗ cho cả việc chăm bản thân và những câu hỏi về sức khỏe của người chị thương.	IKI makes room for your own care and your questions about the wellbeing of the people you love.	自分のケアにも、大切な人の健康についての疑問にも。IKIはその両方に寄り添います。
Tìm bài đọc phù hợp	Find something to read	関心に合う記事を探す
CHO CHỊ VÀ NGƯỜI CHỊ THƯƠNG	FOR YOU AND THE PEOPLE YOU LOVE	あなたと、大切な人のために
Bắt đầu từ điều	Start with what	今、気になっていることから
đang được quan tâm.	matters to you today.	始めてみませんか。
Ưu tiên phụ nữ, đồng thời giữ không gian kiến thức cho cả gia đình.	With women at the heart, and knowledge for the whole family.	女性を中心に、家族みんなのための知識もお届けします。
Chăm mình	Care for yourself	自分をケアする
Làn da, những thay đổi của cơ thể và thời gian dành riêng cho chị.	Your skin, changes in your body and time just for you.	肌のこと、体の変化のこと、自分のための時間のこと。
Đọc thêm ↗	Read more ↗	続きを読む ↗
Sống khỏe hằng ngày	Everyday wellbeing	毎日を健やかに
Ăn uống, giấc ngủ, vận động và những khoảng nghỉ.	Food, sleep, movement and moments to rest.	食事、睡眠、運動、そして休息。
Chăm sóc gia đình	Care for your family	家族のケア
Tìm hiểu theo độ tuổi và nhu cầu của người thân, từ trẻ nhỏ đến người lớn.	Explore the needs of your family at different ages, from children to adults.	子どもから大人まで、家族の年齢や関心に合わせて学べます。
Sức khỏe nam giới	Men’s wellbeing	男性の健康
Một phần kiến thức riêng cho những điều nam giới quan tâm.	A dedicated space for men’s health questions and interests.	男性の健康に関する疑問や関心を取り上げます。
ỨNG DỤNG TRONG HỆ SINH THÁI IKI	THE APP WITHIN IKI	IKIのアプリ
Một điểm bắt đầu	A place to begin	肌から始まる、
từ làn da.	with your skin.	セルフケアの一歩。
Khám phá thiết kế ứng dụng: ghi nhận làn da, chụp nhãn sản phẩm và xây nhịp chăm mình cùng Tiểu Nhã.	Explore the app designs: keep a skin journal, photograph product labels and build a self-care rhythm with Tiểu Nhã.	肌の記録、商品ラベルの撮影、Tiểu Nhãと続けるセルフケア。アプリのデザインをご覧ください。
Tìm hiểu IKI Beauty	Discover IKI Beauty	IKI Beautyについて
Đang phát triển · Webapp trước, iOS và Android sau.	In development · Web app first, iOS and Android to follow.	開発中 · Webアプリを先行し、iOS・Android版はその後に予定しています。
KHO KIẾN THỨC IKI	THE IKI KNOWLEDGE LIBRARY	IKIの知識ライブラリー
Đọc điều hữu ích.	Read what helps.	役立つことを読み、
Giữ điều phù hợp.	Keep what fits.	自分に合うことを取り入れる。
Tiếp tục khám phá những bài viết sẵn có về sức khỏe và đời sống.	Explore our existing articles on health and everyday life.	健康と暮らしについての記事をお楽しみください。
Sống khỏe mỗi ngày	Everyday wellbeing	毎日の健康
Thói quen đọc sách trước khi ngủ giúp tâm trí lắng lại	Reading before bed: a quiet evening ritual	寝る前の読書で、心を静めるひととき
Đọc vài trang sách giấy trước khi ngủ như một nghi thức nhỏ, giúp tâm trí chuyển nhịp êm ái từ ngày bận rộn sang giấc nghỉ ngơi.	A few pages of a paper book can become a gentle transition from a busy day to a restful evening.	紙の本を数ページ読む習慣で、忙しい一日から休息の時間へと、ゆっくり気持ちを切り替えましょう。
Đọc bài viết →	Read article →	記事を読む →
Chuẩn bị bữa ăn cả tuần cho người đi làm: hướng dẫn meal prep thực tế cho bếp Việt	Meal prep for a busy week: a practical guide for the Vietnamese kitchen	忙しい一週間のための作り置き：ベトナムの家庭料理ガイド
Cách chuẩn bị bữa ăn cả tuần cho người đi làm: chọn món nào để được lâu, sơ chế trong 2 tiếng cuối tuần, bảo quản an toàn, thực đơn mẫu 5 ngày và cách tránh…	Plan meals for the working week: choose dishes, prepare ingredients, store food safely and explore a five-day menu.	平日の食事を計画するために。献立の選び方、下ごしらえ、保存の工夫、5日分のメニューをご紹介します。
Gia đình & trẻ nhỏ	Family & children	家族と子ども
Bảo vệ mắt cho trẻ trong thời đại màn hình	Caring for children’s eyes in a screen-filled world	画面に囲まれた時代に、子どもの目を守る
Trẻ ngày nay nhìn gần nhiều giờ mỗi ngày. Quy tắc nghỉ mắt, ánh sáng học bài, thời gian ngoài trời và những dấu hiệu cha mẹ nên đưa con đi khám mắt.	Explore screen breaks, study lighting, outdoor time and signs that call for an eye examination.	目を休める習慣、学習時の照明、外で過ごす時間、眼科を受診したいサインについて。
Xem Blog IKI	Explore the IKI Blog	IKIブログを見る
HỌC & ĐỒNG HÀNH	LEARN & CONNECT	学びとつながり
Hiểu sâu hơn.	Go a little deeper.	もっと知る。
Có người cùng thực hành.	Find people to practise with.	一緒に実践する仲間と。
Chọn nội dung muốn học ở Học Viện, hoặc tìm một cuộc trò chuyện trong cộng đồng IKI. Không cần mua sản phẩm để bắt đầu tìm hiểu.	Choose something to learn at the Academy or join a conversation in the IKI community. No purchase is needed to begin exploring.	アカデミーで学びたいことを選んだり、コミュニティで交流したり。学び始めるために、商品の購入は必要ありません。
Học Viện IKI	IKI Academy	IKIアカデミー
Cộng đồng IKI	IKI Community	IKIコミュニティ
Chị có thể muốn biết	You may be wondering	よくあるご質問
IKI gồm những gì?	What does IKI include?	IKIには何がありますか？
Kiến thức, Học Viện, cộng đồng, sản phẩm và ứng dụng IKI Beauty đang phát triển.	Knowledge, the Academy, community, products and the IKI Beauty app currently in development.	知識、アカデミー、コミュニティ、商品、そして開発中のIKI Beautyアプリです。
Chưa mua sản phẩm có thể tìm hiểu không?	Can I explore without buying anything?	商品を購入せずに利用できますか？
Chị có thể bắt đầu từ kho Blog và các nội dung mở của IKI.	Yes. Start with the Blog and IKI’s publicly available resources.	はい。ブログや公開コンテンツからご覧いただけます。
IKI · ĐẸP · AN · TỰ TẠI	IKI · BEAUTY · CALM · EASE	IKI · 美しさ · 安らぎ · 自分らしさ
Chăm mình.	Care for yourself.	自分を大切に。
Chăm người mình thương.	Care for the people you love.	大切な人も、大切に。
Một hệ sinh thái, đồng hành cùng đời sống.	An ecosystem alongside everyday life.	毎日の暮らしに寄り添う、ひとつのつながり。
Tìm điều muốn đọc	Find your next read	読みたい記事を探す
Đẹp · An · Tự tại	Beauty · Calm · Ease	美しさ · 安らぎ · 自分らしさ
Chăm sóc sức khỏe chủ động cho chị và gia đình.	Everyday wellbeing for you and your family.	自分と家族のための、毎日のセルフケア。
Kiến thức · Công nghệ · Cộng đồng · Sản phẩm.	Knowledge · Technology · Community · Products.	知識 · テクノロジー · コミュニティ · 商品
Khám phá IKI	Explore IKI	IKIを知る
Cùng chị mỗi ngày	Alongside you, every day	あなたの毎日に
AI hỗ trợ	AI assistance	AIサポート
Sản phẩm IKI	IKI products	IKIの商品
Về chúng tôi	About us	私たちについて
Đội ngũ	Our team	チーム
Đối tác & nhà đầu tư	Partners & investors	パートナー・投資家の皆様へ
Chính sách bảo mật	Privacy policy	プライバシーポリシー
Chính sách đổi trả	Returns policy	返品・交換について
Công ty Cổ phần Thương mại Dịch vụ HOPE	HOPE SERVICE CORPORATION	HOPE SERVICE CORPORATION
Mã số thuế: 0801404967	Tax code: 0801404967	税務番号：0801404967
Địa chỉ: 63/253 Ngô Quyền, P. Lê Thanh Nghị, TP Hải Phòng	Address: 63/253 Ngo Quyen, Le Thanh Nghi Ward, Hai Phong, Vietnam	所在地：63/253 Ngo Quyen, Le Thanh Nghi区, Hai Phong市, ベトナム
© 2026 Công ty Cổ phần TMDV HOPE	© 2026 HOPE SERVICE CORPORATION	© 2026 HOPE SERVICE CORPORATION
Màn hình thiết kế IKI Beauty	IKI Beauty screen designs	IKI Beautyの画面デザイン
Đóng ×	Close ×	閉じる ×
Ảnh minh họa thiết kế; IKI Beauty đang phát triển. Thông tin chức năng chính thức sẽ được cập nhật khi phát hành.	Design previews only. IKI Beauty is in development; confirmed features will be shared at launch.	デザインのプレビューです。IKI Beautyは開発中で、正式な機能は公開時にご案内します。
Đội ngũ HOPE CORP · Những người xây dựng IKI	HOPE CORP team · The people behind IKI	HOPE CORPチーム · IKIをつくる人々
← Về HOPE CORP	← About HOPE CORP	← HOPE CORPについて
NHỮNG NGƯỜI XÂY DỰNG IKI	THE PEOPLE BEHIND IKI	IKIをつくる人々
Cùng một tâm huyết.	A shared commitment.	共通の想いで、
Chăm sóc gần hơn	Making care more personal,	一人ひとりに、
với mỗi người.	one person at a time.	もっと身近なケアを。
Phía sau IKI là những con người kết nối công nghệ, kiến thức và cộng đồng — để việc chăm sóc sức khỏe chủ động có chỗ trong đời sống của chị và gia đình.	Behind IKI are people connecting technology, knowledge and community — to make everyday self-care part of life for you and your family.	IKIのチームはテクノロジー、知識、コミュニティをつなぎ、自分と家族のセルフケアが日々の暮らしに根づくことを目指しています。
Gặp đội ngũ ↓	Meet the team ↓	チームを見る ↓
ĐỘI NGŨ SÁNG LẬP & HỘI ĐỒNG QUẢN TRỊ	FOUNDERS & BOARD	創業メンバーと取締役会
Những góc nhìn khác nhau.	Different perspectives.	さまざまな視点から、
Một hướng đi chung.	A shared direction.	ひとつの方向へ。
Kết nối công nghệ với đời sống.	Connecting technology with everyday life.	テクノロジーと暮らしをつなぐ。
Kinh nghiệm công nghệ và kinh doanh trong môi trường doanh nghiệp Nhật Bản, cùng quá trình học Luật Kinh tế, là những nền tảng trong hành trình xây dựng HOPE CORP.	Experience in technology and business in Japanese companies, alongside studies in economic law, informs his work building HOPE CORP.	日本企業での技術・ビジネス経験と経済法の学びを、HOPE CORPの事業づくりに活かしています。
Tìm hiểu thêm	Learn more	詳しく見る
Từng sống và học tại Nhật Bản, làm việc trong vai trò BrSE rồi Sales quốc tế. Phát triển HOPE CORP với định hướng kết nối tri thức chăm sóc sức khỏe chủ động và công nghệ.	He lived and studied in Japan, working as a bridge systems engineer and later in international sales. He is developing HOPE CORP to connect self-care knowledge and technology.	日本で生活・学習し、BrSE、その後は国際営業として勤務。セルフケアの知識とテクノロジーをつなぐHOPE CORPを育てています。
Kết nối tri thức với cộng đồng.	Connecting knowledge with community.	知識とコミュニティをつなぐ。
Giám đốc Marketing, chuyên gia Thực dưỡng và đồng sáng lập HOPE CORP. Phát triển nội dung, cộng đồng và quan hệ đối tác trong hệ sinh thái IKI.	Marketing Director, macrobiotic nutrition specialist and HOPE CORP co-founder. She develops content, community and partnerships within IKI.	マーケティング責任者、食養生の専門家、HOPE CORP共同創業者。IKIのコンテンツ、コミュニティ、パートナーシップを育てています。
Đồng hành với cộng đồng theo lối sống dưỡng sinh phương Đông; phụ trách phát triển marketing thông qua nội dung, hoạt động cộng đồng và các đối tác chiến lược.	She works with communities interested in Eastern wellbeing traditions and leads marketing through content, community activities and strategic partnerships.	東洋の養生の考え方に関心を持つコミュニティとともに、コンテンツや交流活動、戦略的パートナーシップを通じてマーケティングを進めています。
Góp sức cho nền tảng phát triển dài hạn.	Supporting a foundation for long-term growth.	長期的な成長の基盤を支える。
Tham gia định hướng chiến lược gọi vốn và xây dựng tổ chức cho HOPE CORP, từ kinh nghiệm phát triển doanh nghiệp công nghệ.	He contributes to HOPE CORP’s fundraising strategy and organisational development, drawing on experience in technology businesses.	テクノロジー企業での事業経験をもとに、HOPE CORPの資金調達戦略と組織づくりに参画しています。
Kinh nghiệm tại Canavi và VinCSS, cùng vai trò cố vấn chiến lược gọi vốn và quản trị tổ chức cho HOPE CORP.	His experience includes Canavi and VinCSS, alongside advising HOPE CORP on fundraising strategy and organisational governance.	CanaviやVinCSSでの経験を持ち、HOPE CORPの資金調達戦略と組織運営を助言しています。
ĐỊNH HƯỚNG CÙNG CHIA SẺ	OUR SHARED DIRECTION	私たちが目指す方向
Từ năng lực của đội ngũ,	Turning our capabilities	チームの力を、
đến điều hữu ích cho chị.	into something useful for you.	あなたに役立つものへ。
01 · CÔNG NGHỆ	01 · TECHNOLOGY	01 · テクノロジー
Dễ bắt đầu hơn.	Easier to begin.	始めやすく。
Phát triển công cụ để việc ghi nhận, tìm hiểu và thực hành thuận tiện hơn. AI hỗ trợ những việc cụ thể trong hành trình chăm mình.	Building tools that make recording, learning and practising more convenient. AI helps with specific tasks in your self-care journey.	記録、学び、実践をより便利にするツールを開発します。AIはセルフケアの具体的な作業を支えます。
02 · KIẾN THỨC & CỘNG ĐỒNG	02 · KNOWLEDGE & COMMUNITY	02 · 知識とコミュニティ
Dễ tìm hiểu hơn.	Easier to understand.	わかりやすく。
Đưa kiến thức tới những câu hỏi gần gũi trong đời sống, đồng thời tạo không gian chia sẻ và kết nối.	Bringing knowledge to everyday questions, with room to share and connect.	暮らしの身近な疑問に知識を届け、共有し、つながれる場所をつくります。
03 · TỔ CHỨC	03 · ORGANISATION	03 · 組織
Đồng hành bền hơn.	Built for the longer term.	長く寄り添えるように。
Xây nền tảng vận hành và phát triển dài hạn cho hệ sinh thái, từ nội dung đến sản phẩm và trải nghiệm người dùng.	Building the operational foundations for long-term development, across content, products and the user experience.	コンテンツ、商品、利用体験を支える運営基盤を築き、長期的な発展につなげます。
NỀN TẢNG TRI THỨC	OUR KNOWLEDGE FOUNDATIONS	知識の土台
Trân trọng điều đã học.	Value what we have learned.	学んだことを大切に。
Tiếp tục tìm hiểu	Keep exploring	学び続け、
và đối chiếu.	and checking our understanding.	確かめ続ける。
IKI tiếp cận tri thức chăm sóc sức khỏe chủ động từ nhiều nguồn, trong đó có kiến thức dưỡng sinh truyền thống. Khi chuyển thành nội dung hướng dẫn, điều quan trọng là bối cảnh áp dụng, nguồn tham khảo và giới hạn của thông tin.	IKI draws on various sources of self-care knowledge, including traditional wellbeing practices. Guidance should make its context, references and limitations clear.	IKIは伝統的な養生を含む、さまざまな知識に学びます。情報を伝える際は、適用する場面、参考文献、情報の限界を明確にすることを重視しています。
NGƯỜI ĐẶT NỀN MÓNG TRI THỨC	AN INFLUENCE ON OUR FOUNDATIONS	知識の礎を築いた方
TS. Ngô Đức Vượng	Dr. Ngô Đức Vượng	Ngô Đức Vượng博士
Tiến sĩ Sinh học, người đã đào tạo và truyền cảm hứng về chăm sóc sức khỏe chủ động cho người sáng lập HOPE CORP. Nền tảng kiến thức và tư duy dưỡng sinh ông chia sẻ đóng góp vào chương trình Học Viện IKI.	A Doctor of Biology who taught and inspired HOPE CORP’s founder in proactive self-care. His knowledge and approach to wellbeing have contributed to IKI Academy programmes.	生物学博士。HOPE CORP創業者にセルフケアの考え方を教え、その歩みに影響を与えました。その知識と養生への姿勢は、IKIアカデミーのプログラムにも活かされています。
Tìm hiểu Học Viện IKI →	Discover IKI Academy →	IKIアカデミーについて →
ĐỘI NGŨ ĐỒNG HÀNH	PEOPLE ALONGSIDE YOU	あなたを支える人々
Gặp nhau ở	Connecting through	暮らしに役立つことを通じて、
những việc thiết thực.	practical everyday support.	つながる。
Con người có vai trò riêng trong hệ sinh thái. Công cụ AI hỗ trợ trải nghiệm, không thay thế mọi hình thức hỗ trợ hay đánh giá chuyên môn.	People have a distinct role within IKI. AI tools support the experience; they do not replace every form of human support or professional assessment.	IKIでは人による支援も大切にしています。AIは体験を支えるツールであり、人のサポートや専門的な評価のすべてに代わるものではありません。
Trong Học Viện	At the Academy	アカデミーで
Hỗ trợ học viên tìm hiểu nội dung và giải đáp theo phạm vi chương trình. Xem thông tin người hướng dẫn tại từng chương trình.	Helping learners explore content and questions within each programme. See each programme for instructor information.	各プログラムの範囲で、学びや疑問の解決をサポートします。講師情報は各プログラムをご確認ください。
Khám phá cách học →	Explore learning →	学び方を見る →
Trong cộng đồng	In the community	コミュニティで
Hỗ trợ kết nối, duy trì quy tắc chia sẻ và hướng người tham gia tới nguồn thông tin phù hợp.	Helping people connect, maintaining sharing guidelines and pointing members towards relevant information.	交流を支え、共有のルールを守りながら、関心に合った情報源をご案内します。
Tìm nơi đồng hành →	Find your community →	つながる場所を探す →
Khi dùng IKI	When using IKI	IKIを使うとき
Tìm hỗ trợ sử dụng và thông tin về ứng dụng. Vấn đề y khoa cần được đánh giá bởi nhân viên y tế có chuyên môn phù hợp.	Find help using IKI and information about the app. Medical concerns need assessment by an appropriately qualified healthcare professional.	使い方のサポートやアプリ情報をご案内します。医学的な問題は、適切な資格を持つ医療従事者にご相談ください。
Tìm hiểu ứng dụng →	Discover the app →	アプリについて →
KẾT NỐI VỚI HOPE CORP	CONNECT WITH HOPE CORP	HOPE CORPとつながる
Cùng góp sức cho	Working together for	ともに、
một đời sống khỏe hơn.	a healthier everyday life.	より健やかな暮らしへ。
Trao đổi hợp tác, tìm hiểu đội ngũ hoặc gửi hồ sơ ứng tuyển.	Discuss partnerships, learn about our team or send a job application.	協業のご相談、チームへのお問い合わせ、採用へのご応募をお待ちしています。
Chúng tôi đón nhận những kết nối phù hợp với định hướng của IKI.	We welcome connections that align with IKI’s direction.	IKIの方向性に共感してくださる皆様とのつながりを大切にします。
Liên hệ HOPE CORP	Contact HOPE CORP	HOPE CORPに連絡する
Tìm hiểu công nghệ IKI →	Explore IKI technology →	IKIのテクノロジーを見る →
ĐỐI TÁC & NHÀ ĐẦU TƯ	PARTNERS & INVESTORS	パートナー・投資家の皆様へ
Hiểu cách hệ sinh thái IKI phát triển.	Understand how IKI is developing.	IKIの成長の仕組みをご紹介します。
Từ ứng dụng cá nhân hóa đến kiến thức, khóa học và sản phẩm: xem mô hình kinh doanh, hướng mở rộng và giai đoạn hiện tại.	From a personalised app to knowledge, courses and products: explore the business model, expansion plans and current stage.	パーソナライズされたアプリから、知識、講座、商品へ。ビジネスモデル、展開方針、現在の段階をご覧ください。
Xem tổng quan dự án →	View the project overview →	プロジェクトの概要を見る →
CỬA HÀNG IKI · CHĂM MÌNH, CHĂM GIA ĐÌNH	IKI SHOP · CARE FOR YOU AND YOUR FAMILY	IKIショップ · 自分と家族のために
Chọn điều phù hợp	Choose what fits	自分に合うものを選んで、
để	to	毎日の
chăm mình	care for yourself	セルフケア
và gia đình mỗi ngày.	and your family, every day.	と家族の暮らしに。
Từ dinh dưỡng thực vật, thức uống đến những lựa chọn cho căn bếp. Tìm hiểu thành phần, cách dùng và chọn theo nhu cầu của chị cùng người thân.	From plant-based nutrition and drinks to everyday kitchen essentials. Explore ingredients and directions, and choose for your needs and your family’s.	植物性の栄養食品、飲み物、キッチンで使うものまで。原材料と使い方を確認し、自分と家族に合うものを選びましょう。
Khám phá sản phẩm	Explore products	商品を見る
Đọc kiến thức chăm sóc	Explore wellbeing guides	セルフケアの記事を読む
Hiểu rõ	Understand	知る
Thành phần & cách dùng	Ingredients & directions	原材料と使い方
Chọn vừa	Choose well	選ぶ
Nhu cầu & ngân sách	Your needs & budget	必要なものを、予算に合わせて
Đồng hành	Keep learning	学び続ける
Cùng kiến thức IKI	With IKI resources	IKIの知識とともに
Dinh dưỡng thực vật · IKI	Plant-based nutrition · IKI	植物性の栄養食品 · IKI
HÔM NAY CHỊ ĐANG TÌM GÌ?	WHAT ARE YOU LOOKING FOR TODAY?	今日は、何をお探しですか？
Một lựa chọn gần với nhu cầu.	Choose for your everyday needs.	毎日の暮らしに合う選択を。
01 · DINH DƯỠNG	01 · NUTRITION	01 · 栄養
Bổ sung đạm thực vật	Explore plant-based protein	植物性プロテイン
Tìm hiểu thành phần và cách dùng trong ngày.	Learn about ingredients and everyday use.	原材料と日々の取り入れ方を確認できます。
Xem sản phẩm →	View products →	商品を見る →
02 · THỨC UỐNG	02 · DRINKS	02 · 飲み物
Một khoảng nghỉ cùng trà	A pause with a cup of tea	お茶とひと休み
Khám phá các lựa chọn trà thảo mộc.	Explore the herbal tea selection.	ハーブティーのラインアップをご覧ください。
Xem các loại trà →	Explore teas →	お茶を見る →
03 · BẾP GIA ĐÌNH	03 · THE FAMILY KITCHEN	03 · 家族のキッチン
Chuẩn bị bữa ăn mỗi ngày	For everyday meals	毎日の食事づくりに
Chọn gia vị cho những món ăn quen thuộc.	Find seasonings for the meals you love.	いつもの料理に使う調味料を選べます。
Xem gia vị →	Explore seasonings →	調味料を見る →
Tìm theo danh mục	Browse by category	カテゴリーから探す
GỢI Ý KHÁM PHÁ	DISCOVER THE SELECTION	おすすめのカテゴリー
Khám phá thông tin và chọn sản phẩm phù hợp với sinh hoạt hằng ngày.	Explore the details and choose products for your everyday routine.	商品の情報を見ながら、毎日の暮らしに合うものを選びましょう。
Hiểu điều mình chọn.	Understand what you choose.	選ぶものを、よく知る。
Chăm mình có cơ sở.	Make informed choices.	納得して、セルフケアに。
Bắt đầu từ nhu cầu	Begin with your needs	必要なことから始める
Một bữa ăn, một thức uống hay món dùng trong bếp. Chọn điều thực sự phù hợp với sinh hoạt của mình.	A meal, a drink or a kitchen staple. Choose something that fits the way you live.	食事、飲み物、キッチンで使うもの。暮らしに本当に合うものを選びましょう。
Đọc trước khi chọn	Read before choosing	選ぶ前に読む
Xem thành phần, hướng dẫn sử dụng và lưu ý trên nhãn của từng sản phẩm.	Check the ingredients, directions and notes on each product label.	各商品のラベルで、原材料、使い方、注意事項をご確認ください。
Kiến thức đi cùng sản phẩm	Knowledge alongside products	商品とともに、知識を
Khám phá thêm cách ăn uống, nghỉ ngơi và vận động trong	Explore food, rest and movement in the	食事、休息、運動について、
Blog IKI	IKI Blog	IKIブログで学ぶ
Công ty Cổ phần TMDV HOPE	HOPE SERVICE CORPORATION	HOPE SERVICE CORPORATION
Đặt hàng & giao nhận	Ordering & delivery	注文と配送
Liên hệ IKI	Contact IKI	IKIへのお問い合わせ
Chăm sóc cùng IKI	Care with IKI	IKIとセルフケア
Kiến thức chăm sóc bản thân và gia đình, cùng cộng đồng thực hành.	Learn about caring for yourself and your family, with a community alongside you.	自分と家族のケアについて学び、コミュニティと一緒に実践しましょう。
Khám phá cộng đồng →	Explore the community →	コミュニティを見る →
Bảo mật	Privacy	プライバシー
Đổi trả	Returns	返品・交換
Mở menu	Open menu	メニューを開く
Đóng menu	Close menu	メニューを閉じる
Menu chính	Main navigation	メインメニュー
Chọn ngôn ngữ	Choose language	言語を選択
Ngôn ngữ	Language	言語
IKI – về trang chủ	IKI – home	IKI – ホーム
Học Viện · IKI	Academy · IKI	アカデミー · IKI
English · Trang chủ	English	English
日本語 · Trang chủ	日本語	日本語
HỌC VIỆN IKI	IKI ACADEMY	IKIアカデミー
Hiểu hơn.	Learn a little more.	もう少し、知る。
Để chăm mình vừa đủ.	Care in a way that fits.	自分に合うケアのために。
Kiến thức có chỗ trong đời sống, từ những băn khoăn nhỏ	Knowledge for everyday life, from small questions	小さな疑問から、
đến hành trình thực hành của riêng chị.	to your own journey of practice.	自分なりの実践まで。暮らしに活きる知識を。
HỌC TỪ ĐIỀU CHỊ CẦN	LEARN FROM WHAT YOU NEED	必要なことから学ぶ
Một câu hỏi nhỏ.	One small question.	小さな問いから、
Một bước hiểu thêm.	One step towards understanding.	理解を一歩深める。
Chăm da từ đâu? Sắp xếp bữa ăn thế nào khi bận? Làm sao có một khoảng nghỉ trong ngày?	Where to start with skincare? How to plan meals when life is busy? How to make room for a break?	肌のケアは何から？忙しい日の食事はどう整える？一日の中に休息をつくるには？
Chị có thể đọc kiến thức mở trước, rồi tìm hiểu chương trình khi muốn đi sâu hơn.	Start with free-to-read resources, then explore a programme when you want to go deeper.	まずは公開記事を読み、もっと学びたくなったらプログラムをご覧ください。
Bắt đầu từ Blog	Start with the Blog	ブログから始める
CÁC CÁCH HỌC CÙNG IKI	WAYS TO LEARN WITH IKI	IKIでの学び方
Chọn một bước phù hợp.	Choose a step that fits.	自分に合う一歩を。
Tri thức nền tảng	Foundational knowledge	基礎知識
Đọc, tìm hiểu và chọn điều chị muốn thử trong đời sống.	Read, learn and choose something to try in everyday life.	読んで、学んで、暮らしの中で試したいことを選びましょう。
Đọc tri thức nền tảng →	Explore the foundations →	基礎知識を読む →
3 Ngày Reset	3-Day Reset	3日間リセット
Tìm hiểu nội dung và hình thức chương trình hiện có.	Explore the content and format of the current programme.	現在のプログラムの内容と形式をご確認ください。
Xem lộ trình 3 ngày →	See the 3-day programme →	3日間のプログラムを見る →
7 Ngày Detox	7-Day Detox	7日間Detox
Xem giáo trình và thông tin chương trình trước khi đăng ký.	Review the curriculum and programme details before registering.	お申し込み前に、カリキュラムとプログラムの詳細をご確認ください。
Xem lộ trình 7 ngày →	See the 7-day programme →	7日間のプログラムを見る →
Đồng hành 1–1	One-to-one support	マンツーマンのサポート
Tìm hiểu phạm vi hỗ trợ và người hướng dẫn phù hợp.	Explore the scope of support and an appropriate guide.	サポートの範囲と担当者についてご確認いただけます。
Xem cách đồng hành 1–1 →	Explore one-to-one support →	個別サポートについて →
Thông tin đăng ký, học phí và lịch học xem tại chương trình hiện hành.	See each current programme for registration, fees and schedules.	お申し込み方法、受講料、日程は各プログラムでご確認ください。
Đồng hành 1–1: bắt đầu bằng điều chị cần.	One-to-one support: begin with your needs.	個別サポートは、今のあなたの関心から。
Một cuộc trao đổi riêng để làm rõ nhu cầu học và thực hành chăm sóc lối sống: bữa ăn, nghỉ ngơi, vận động hay cách sắp xếp thói quen.	A private conversation to clarify what you want to learn and practise: meals, rest, movement or organising your habits.	食事、休息、運動、習慣の整え方など、学びたいことや実践したいことを個別にお伺いします。
Chia sẻ nhu cầu	Share your needs	ご希望を伝える
Chị gửi vấn đề đang quan tâm và thời gian thuận tiện. Không cần đăng ảnh hay thông tin sức khỏe riêng tư công khai.	Tell us what interests you and when you are available. You do not need to post photos or private health information publicly.	関心のあることと、ご都合のよい時間をお知らせください。写真や個人の健康情報を公開する必要はありません。
Làm rõ phạm vi	Clarify the scope	内容を確認する
IKI trao đổi người phụ trách, hình thức, lịch hẹn và chi phí nếu có trước khi chị xác nhận.	Before you confirm, IKI will clarify the person responsible, format, schedule and any fees.	お申し込みを確定する前に、担当者、形式、日時、費用の有無をご案内します。
Chọn bước phù hợp	Choose your next step	次の一歩を選ぶ
Chị có thể chọn học kiến thức nền, chương trình nhóm hoặc trao đổi riêng phù hợp với nhu cầu.	Choose foundational learning, a group programme or a private conversation according to your needs.	基礎学習、グループプログラム、個別相談から、ご希望に合う方法を選べます。
Gửi nhu cầu đồng hành 1–1 →	Request one-to-one support →	個別サポートについて相談する →
Hỏi IKI trên Zalo	Ask IKI on Zalo	ZaloでIKIに問い合わせる
Đồng hành về lối sống không thay thế việc thăm khám và tư vấn y khoa.	Lifestyle support does not replace medical examinations or advice.	生活習慣のサポートは、医療機関での診察や医学的な助言に代わるものではありません。
MỘT ĐIỂM BẮT ĐẦU NHẸ NHÀNG	A GENTLE PLACE TO BEGIN	無理のない一歩から
Theo nhịp của chị.	At your own pace.	あなたのペースで。
Không cần thay đổi tất cả hôm nay.	You do not need to change everything today.	今日、すべてを変えなくても大丈夫。
Mình bắt đầu từ điều chị đang quan tâm.	Start with what matters to you now.	今、気になることから始めましょう。
Khám phá IKI Beauty	Explore IKI Beauty	IKI Beautyを見る
Cộng đồng · IKI	Community · IKI	コミュニティ · IKI
CỘNG ĐỒNG IKI	IKI COMMUNITY	IKIコミュニティ
Không cần	You do not have to	一人で、
đi một mình.	go it alone.	歩まなくてもいい。
Cùng những người cũng đang học cách dành thời gian cho bản thân. Chia sẻ một việc nhỏ, hỏi điều còn băn khoăn, hoặc chỉ lắng nghe.	Meet people learning to make time for themselves. Share something small, ask a question or simply listen.	自分のための時間を大切にしたい人たちと。小さなことを共有したり、質問したり、ただ話を聞いたり。
Chọn kênh cộng đồng	Choose a community channel	コミュニティの窓口を選ぶ
CÙNG NHAU, THEO NHỊP RIÊNG	TOGETHER, AT YOUR OWN PACE	それぞれのペースで、ともに
Một nơi chị được là mình.	A place to be yourself.	自分らしくいられる場所。
Chia sẻ thật	Share honestly	ありのままを共有する
Không cần thành tích nổi bật. Một bữa ăn tự chuẩn bị hay một khoảng nghỉ cũng là điều đáng chia sẻ.	No big achievements needed. A meal you prepared or a moment of rest is worth sharing too.	特別な成果は必要ありません。自分で作った食事や、休息の時間も大切な経験です。
Lắng nghe không phán xét	Listen without judging	決めつけずに聞く
Không chê ngoại hình, so sánh làn da hay ép chia sẻ hình ảnh riêng tư.	No criticism of appearance, comparisons of skin or pressure to share personal photos.	外見を批判したり、肌を比較したり、個人の写真の共有を求めたりしません。
Học và hỏi đúng chỗ	Learn and ask responsibly	適切な場所で学び、相談する
Trải nghiệm cho mình thêm góc nhìn. Vấn đề chuyên môn cần người có chuyên môn phù hợp.	Experiences can offer perspective. Specialist questions need appropriately qualified people.	経験の共有は視点を広げます。専門的な問題は、適切な専門家に相談しましょう。
THAM GIA KHI CHỊ SẴN SÀNG	JOIN WHEN YOU ARE READY	準備ができたら、参加を
Chọn cách kết nối	Choose a way to connect	自分に合う、
phù hợp với chị.	that suits you.	つながり方を。
Xem các kênh IKI đang hoạt động và quy tắc tham gia. Lịch sinh hoạt được cập nhật tại kênh cộng đồng hiện hành.	Explore IKI’s active channels and participation guidelines. Activity schedules are shared on each community channel.	IKIの窓口と参加ルールをご覧ください。活動予定は各コミュニティでご案内します。
Xem nguyên tắc tham gia	Read the guidelines	参加ルールを見る
Một nơi để học. Một nơi để hỏi.	A place to learn. A place to ask.	学べる場所。質問できる場所。
Cùng tìm hiểu việc chăm da, ăn uống, nghỉ ngơi và vận động từ những câu hỏi trong đời sống.	Explore skincare, food, rest and movement through everyday questions.	身近な疑問から、肌のケア、食事、休息、運動を一緒に学びましょう。
Chăm người thân	Care for loved ones	大切な人のケア
Mở rộng kiến thức tới sức khỏe phụ nữ, gia đình, trẻ nhỏ và những vấn đề nam giới quan tâm.	Explore women’s wellbeing, family and children’s health, and topics of interest to men.	女性、家族、子どもの健康、そして男性の関心事にも知識を広げます。
Thực hành cùng nhau	Practise together	一緒に実践する
Chia sẻ điều đã thử, những vướng mắc và cách sắp xếp thói quen. Lịch hoạt động cụ thể theo thông báo trên từng kênh.	Share what you have tried, challenges and ways to organise habits. Check each channel for activity schedules.	試したこと、困っていること、習慣の整え方を共有しましょう。具体的な活動予定は各窓口でご確認ください。
Chọn đúng kênh, tìm đúng điều chị cần.	Choose the channel for what you need.	目的に合う窓口を選びましょう。
KÊNH CHÍNH THỨC	OFFICIAL CHANNEL	公式チャンネル
Theo dõi bài chia sẻ, thông báo và trao đổi dưới nội dung công khai. Đây là fanpage chính thức, không phải nhóm học viên riêng.	Follow articles, announcements and public discussions. This is the official Facebook page, not a private learner group.	記事やお知らせを読み、公開コメントで交流できます。公式Facebookページであり、受講者専用グループではありません。
Xem fanpage →	Visit the Facebook page →	Facebookページを見る →
HỎI & ĐƯỢC HƯỚNG DẪN	ASK FOR GUIDANCE	問い合わせ・ご案内
Nhắn nhu cầu của chị để được hướng dẫn tới chương trình hoặc nhóm phù hợp. Nhóm học viên được hướng dẫn theo đợt học.	Message us about your needs for guidance to a suitable programme or group. Learner groups are arranged by programme intake.	ご希望をお送りいただくと、合うプログラムやグループをご案内します。受講者グループは受講時期に合わせてご案内します。
Nhắn IKI →	Message IKI →	IKIに連絡する →
ĐỌC THEO NHỊP RIÊNG	READ AT YOUR OWN PACE	自分のペースで読む
Kho kiến thức IKI	IKI knowledge library	IKI知識ライブラリー
Đọc bài theo chủ đề trước, lưu câu hỏi rồi trao đổi khi cần. Chị có thể bắt đầu mà chưa đăng ký khóa học.	Read by topic, note your questions and ask when needed. You can begin without enrolling in a course.	テーマ別に読み、疑問をまとめて、必要なときに相談できます。講座に申し込まずに始められます。
Khám phá Blog →	Explore the Blog →	ブログを見る →
Lần đầu tham gia, chị bắt đầu thế nào?	New here? Where to begin?	初めての方は、何から始めればよいですか？
Chọn mối quan tâm	Choose an interest	関心のあることを選ぶ
Chăm mình hay chăm người thân? Chọn chủ đề chị muốn tìm hiểu trước.	Your own wellbeing or caring for loved ones? Choose what you want to explore first.	自分のケア、それとも家族のケア？まず知りたいテーマを選びましょう。
Chọn kênh kết nối	Choose a channel	窓口を選ぶ
Theo dõi fanpage để cập nhật; nhắn Zalo nếu cần hướng dẫn tham gia nhóm hoặc khóa học.	Follow Facebook for updates; message us on Zalo for help joining a group or course.	最新情報はFacebookで。グループや講座への参加はZaloでご相談ください。
Tham gia theo mức thoải mái	Join at your comfort level	無理のない範囲で参加する
Đọc và lắng nghe trước cũng được. Chị quyết định những gì mình muốn chia sẻ.	It is fine to read and listen first. You decide what to share.	まずは読んだり、話を聞いたりするだけでも大丈夫。共有する内容は自分で決められます。
Cùng giữ một không gian tử tế.	Help keep this a respectful space.	思いやりのある場所を、一緒に。
Tôn trọng và bảo vệ riêng tư	Respect people and protect privacy	互いを尊重し、プライバシーを守る
Không chê ngoại hình, phán xét hay so sánh kết quả. Không đăng ảnh, bệnh án, số điện thoại hoặc tin nhắn của người khác khi chưa được đồng ý.	Do not criticise appearances, judge or compare results. Do not share another person’s photos, medical records, phone number or messages without permission.	外見の批判、決めつけ、結果の比較はしません。他人の写真、診療記録、電話番号、メッセージは、同意なく公開しないでください。
Chia sẻ trải nghiệm có trách nhiệm	Share experiences responsibly	責任を持って経験を共有する
Nói rõ đâu là trải nghiệm cá nhân và đâu là kiến thức có nguồn. Không khuyên người khác tự dừng thuốc hoặc thay đổi hướng điều trị.	Distinguish personal experience from sourced information. Do not advise others to stop medication or change treatment on their own.	個人の経験と、出典のある情報を区別しましょう。他の人に自己判断で服薬を中止したり、治療方針を変えたりするよう勧めないでください。
Không spam hoặc mời chào thiếu minh bạch	No spam or misleading solicitation	スパムや不透明な勧誘をしない
Không gửi quảng cáo hàng loạt, kéo thành viên sang kênh khác hoặc mạo danh đội ngũ IKI.	Do not send bulk advertising, solicit members to other channels or impersonate the IKI team.	大量の広告送信、他の窓口への勧誘、IKIチームへのなりすましはしないでください。
Cần hỗ trợ hoặc phản ánh?	Need help or want to report something?	サポートや報告が必要な場合
Gửi đường dẫn nội dung cần phản ánh tới	Send the link to the content you wish to report to	報告したい内容のリンクを、次の宛先にお送りください：
hoặc Zalo IKI. Chỉ gửi thông tin cần thiết để đội ngũ kiểm tra.	or IKI on Zalo. Share only what is needed for the team to review it.	またはIKIのZaloへ。確認に必要な情報のみをお送りください。
IKI BEAUTY & WELLNESS · ĐẸP · AN · TỰ TẠI	IKI BEAUTY & WELLNESS · BEAUTY · CALM · EASE	IKI BEAUTY & WELLNESS · 美しさ · 安らぎ · 自分らしさ
Làn da có chuyện	Your skin has	肌が伝える、
muốn kể.	a story to tell.	小さなサイン。
Mình bắt đầu từ đây.	Let’s begin here.	ここから、始めましょう。
Cùng chị chăm làn da, bữa ăn, giấc nghỉ	Alongside your skincare, meals, rest	肌のケア、食事、休息、
và những khoảng dành riêng cho mình.	and the moments you keep for yourself.	そして自分だけの時間に寄り添います。
Xem trải nghiệm ứng dụng	Explore the app experience	アプリの体験を見る
Xem màn hình gốc	View original screens	元の画面デザインを見る
IKI Beauty đang phát triển · Webapp trước, iOS và Android sau.	IKI Beauty is in development · Web app first, iOS and Android to follow.	IKI Beautyは開発中です · Webアプリを先行し、iOS・Android版はその後に予定しています。
HIỂU MÌNH HƠN. CHĂM MÌNH VỪA ĐỦ.	UNDERSTAND YOURSELF. CARE AT YOUR OWN PACE.	自分を知り、自分に合うケアを。
Khám phá cùng IKI ↓	Explore with IKI ↓	IKIを体験する ↓
THIẾT KẾ IKI BEAUTY	IKI BEAUTY DESIGNS	IKI Beautyのデザイン
Từ một lần soi nhẹ,	From a gentle skin check	肌をそっと見つめることから、
đến nhịp chăm mỗi ngày.	to everyday self-care.	毎日のセルフケアへ。
Chăm mình theo nhịp riêng, có Tiểu Nhã cùng chị.	Self-care at your pace, with Tiểu Nhã alongside you.	Tiểu Nhãと一緒に、自分のペースでセルフケアを。
Xem hai màn hình gốc ↗	View the two original screens ↗	2つの元の画面を見る ↗
MỘT VÒNG BÊN TRONG IKI BEAUTY	A LOOK INSIDE IKI BEAUTY	IKI Beautyをのぞいてみる
Những điều nhỏ.	Small things.	小さなことを、
Tiện hơn mỗi ngày.	More convenient, every day.	毎日、もっと便利に。
Những việc nhỏ được làm thuận tiện hơn, để chị dành thời gian cho mình.	Making small tasks easier, so there is more time for you.	小さな手間を減らし、自分のための時間を増やせるように。
01 · Chụp sản phẩm	01 · Photograph a product	01 · 商品を撮影
Chụp nhãn. Bớt nhập tay.	Photograph the label. Type less.	ラベルを撮って、入力の手間を少なく。
Thêm món đang dùng bằng ảnh, để chị có thêm thời gian chăm mình.	Add the products you use with a photo, leaving more time for self-care.	使っている商品を写真で追加し、セルフケアの時間をつくります。
Xem rõ hơn ↗	Take a closer look ↗	大きく見る ↗
02 · Kiểm tra thông tin	02 · Review the details	02 · 情報を確認
IKI điền giúp. Chị quyết định.	IKI drafts it. You decide.	IKIが下書き、決めるのはあなた。
Xem lại thông tin đã đọc, sửa điều chưa đúng rồi mới lưu vào tủ.	Review the extracted information, make corrections and then save it to your shelf.	読み取った情報を確認・修正してから、商品リストに保存します。
03 · Tiểu Nhã đồng hành	03 · Tiểu Nhã alongside you	03 · Tiểu Nhãのサポート
Có Tiểu Nhã, bớt bối rối.	A little clarity with Tiểu Nhã.	Tiểu Nhãと、疑問をひとつずつ。
Bắt đầu bằng một câu hỏi nhỏ về điều chị đang quan tâm hôm nay.	Begin with a small question about what matters to you today.	今日気になることを、小さな質問から。
04 · Lời nhắc riêng	04 · Your reminders	04 · 自分に合うリマインダー
Nhắc nhẹ, đúng lúc chị chọn.	A gentle reminder, when you choose.	選んだ時間に、やさしくお知らせ。
Một lời nhắc khép ngày lại. Chị có thể nhắc sau hoặc bỏ qua hôm nay.	A reminder to wind down. Snooze it or skip today if you prefer.	一日を締めくくるためのお知らせ。後で通知したり、その日はスキップしたりできます。
05 · Hành trình của chị	05 · Your journey	05 · あなたの記録
Từng chút, thành hành trình.	Little moments, a growing journey.	小さな積み重ねが、歩みになる。
Nhìn lại những ngày đã chăm mình, thay vì phải nhớ mọi thứ trong đầu.	Look back on your self-care days without having to remember every detail.	すべてを覚えておかなくても、セルフケアの日々を振り返れます。
Vuốt để khám phá · Chạm ảnh để xem rõ hơn	Swipe to explore · Tap an image for a closer look	スワイプして見る · 画像をタップして拡大
Ảnh từ bộ thiết kế app · Minh họa tính năng	App design images · Feature illustrations	アプリのデザイン画像 · 機能のイメージ
GIỮ NGUYÊN NHỊP TRẢI NGHIỆM	A CONSISTENT EXPERIENCE	つながる体験
Năm điểm chạm.	Five touchpoints.	5つの入口から、
Một hành trình của chị.	One personal journey.	あなたの歩みへ。
Hôm nay	Today	今日
Soi da	Skin check	肌の記録
Hành trình	Journey	これまでの記録
Chỉ một việc lúc này.	Just one thing for now.	今は、ひとつだけ。
Chọn một việc vừa sức, ghi cảm giác và đánh dấu khi hoàn thành.	Choose a manageable task, note how you feel and mark it when done.	無理なくできることを選び、気持ちを記録して、終わったらチェック。
Quan sát, rồi nhìn lại.	Observe, then reflect.	見つめて、振り返る。
Chụp ảnh nhất quán và ghi cảm giác da. Ảnh không thay cho đánh giá chuyên môn.	Take consistent photos and record how your skin feels. Photos do not replace a professional assessment.	同じ条件で写真を撮り、肌の感覚を記録します。写真は専門家による評価に代わるものではありません。
Bớt bối rối khi bắt đầu.	More clarity at the start.	始めるときの疑問を少なく。
AI hỗ trợ giải thích thông tin, tìm kiến thức và bước tiếp theo trong ứng dụng.	AI helps explain information, find resources and navigate the next step in the app.	AIが情報の説明、知識の検索、アプリでの次の操作をサポートします。
Thấy điều mình đã ghi.	See what you have recorded.	自分の記録を見返す。
Nhìn lại ảnh, cảm giác và thói quen trong cùng bối cảnh, không vội kết luận nguyên nhân.	Review photos, feelings and habits in context, without jumping to conclusions about causes.	写真、感覚、習慣を背景とともに振り返り、原因を急いで決めつけません。
Có người cùng bước.	People alongside you.	一緒に歩む人がいる。
Chia sẻ điều chị muốn, tìm sự đồng cảm và chọn mức độ tham gia của riêng mình.	Share what you choose, find understanding and decide how much you want to participate.	共有したいことを話し、共感を見つけ、自分に合う参加の仕方を選べます。
Xem màn hình ↗	View screen ↗	画面を見る ↗
TIỆN HƠN TỪ MỘT THAO TÁC	ONE ACTION, LESS EFFORT	ひとつの操作で、もっと便利に
Chụp. Kiểm tra.	Photograph. Review.	撮影して、確認して、
Rồi lưu.	Then save.	保存する。
Trong thiết kế, AI hỗ trợ đọc tên và thành phần trên nhãn, tạo bản nháp cho chị kiểm tra trước khi đưa vào tủ sản phẩm.	In the design, AI reads names and ingredients from labels and creates a draft for you to review before adding it to your product shelf.	このデザインでは、AIがラベルの商品名や原材料を読み取り、確認用の下書きを作成します。確認してから商品リストに追加します。
Chị luôn có thể sửa hoặc nhập tay. Nhận biết tên không có nghĩa đã xác nhận sản phẩm phù hợp với da.	You can always edit or enter details manually. Recognising a product name does not confirm that it is suitable for your skin.	いつでも修正や手入力ができます。商品名の認識は、その商品が肌に合うことの確認ではありません。
Tìm hiểu vai trò của AI →	Understand AI’s role →	AIの役割について →
NHẮC VỪA ĐỦ	REMINDERS THAT FIT	自分に合うお知らせ
Lịch riêng. Khoảng yên riêng.	Your schedule. Your quiet time.	自分の予定、自分の静かな時間。
Chị chọn điều cần nhắc	Choose your reminders	通知する内容を選ぶ
Chăm da, ăn sáng, vận động hay chuẩn bị ngủ.	Skincare, breakfast, movement or preparing for bed.	肌のケア、朝食、運動、就寝前の準備など。
Theo giờ của chị	On your schedule	あなたの時間に合わせて
Chọn lịch và khoảng giờ yên lặng phù hợp.	Choose a schedule and quiet hours that suit you.	都合のよい時間と、通知を受け取らない時間帯を選べます。
Có thể đổi bất cứ lúc nào	Change it at any time	いつでも変更できる
Thiết kế cho phép nhắc sau hoặc bỏ qua. Thông báo thật phụ thuộc nền tảng và quyền thiết bị.	The design includes snooze and skip options. Actual notifications depend on the platform and device permissions.	後で通知する機能やスキップを想定したデザインです。実際の通知は、プラットフォームと端末の権限に依存します。
Ứng dụng đã phát hành chưa?	Has the app launched?	アプリは公開されていますか？
IKI Beauty đang được thiết kế và phát triển. Webapp là bước đầu tiên; bản iOS và Android ở giai đoạn sau.	IKI Beauty is being designed and developed. The web app comes first, with iOS and Android planned for a later stage.	IKI Beautyは設計・開発中です。Webアプリを先行し、iOS・Android版はその後の段階で予定しています。
AI có thay bác sĩ được không?	Can AI replace a doctor?	AIは医師の代わりになりますか？
Không. AI hỗ trợ thông tin và thao tác; vấn đề y khoa cần được đánh giá bởi người có chuyên môn.	No. AI assists with information and tasks; medical concerns require a qualified professional.	いいえ。AIは情報や操作をサポートします。医学的な問題は専門家にご相談ください。
Ảnh và thông tin của chị được xử lý thế nào?	How will photos and personal information be handled?	写真や個人情報はどのように扱われますか？
Luồng xử lý, nơi lưu, thời hạn lưu và cách xóa cần được công bố theo hệ thống thực tế trước khi phát hành. Ảnh thiết kế chưa phải cam kết về kiến trúc dữ liệu.	Processing, storage locations, retention and deletion must be documented for the actual system before launch. Design images are not a commitment to a particular data architecture.	公開前に、実際のシステムに基づく処理方法、保存先、保存期間、削除方法をご案内する必要があります。デザイン画像はデータ構成を確約するものではありません。
← Ảnh trước	← Previous image	← 前の画像
Ảnh tiếp →	Next image →	次の画像 →
Về HOPE CORP · IKI	About HOPE CORP · IKI	HOPE CORPについて · IKI
VỀ HOPE CORP	ABOUT HOPE CORP	HOPE CORPについて
Để việc chăm mình	Making room	毎日の暮らしに、
có chỗ trong	for self-care	自分を大切にする
mỗi ngày.	in every day.	時間を。
HOPE CORP phát triển IKI — hệ sinh thái chăm sóc sức khỏe chủ động dành cho phụ nữ. Bắt đầu từ làn da, mở rộng tới những thói quen trong đời sống.	HOPE CORP is developing IKI, a self-care ecosystem centred on women. Beginning with skin, it extends into everyday habits.	HOPE CORPは、女性を中心としたセルフケアのつながり、IKIを育てています。肌から始まり、日々の生活習慣へと広がります。
ĐIỀU IKI THEO ĐUỔI	WHAT IKI STANDS FOR	IKIが大切にすること
Chăm sóc với sự tôn trọng.	Care with respect.	一人ひとりを尊重するケア。
Hiểu trước khi chọn	Understand before choosing	知ってから選ぶ
Thông tin rõ ràng để chị chủ động lựa chọn. Không dùng nỗi lo ngoại hình để thúc ép quyết định.	Clear information for informed choices, without using appearance-related anxieties to pressure decisions.	納得して選べる、わかりやすい情報を。外見への不安を利用して、決断を迫りません。
Công nghệ có ích	Useful technology	役立つテクノロジー
Bớt nhập tay, bớt bối rối. AI phục vụ những nhu cầu cụ thể trong việc chăm mình.	Less manual entry, less confusion. AI supports specific self-care tasks.	手入力や迷いを少なく。AIはセルフケアの具体的なニーズを支えます。
Đồng hành dài hơn	Support for the longer term	長く寄り添う
Kiến thức, thực hành và cộng đồng cùng hỗ trợ nhịp sống của chị.	Knowledge, practice and community support your everyday rhythm.	知識、実践、コミュニティが、あなたの暮らしのリズムを支えます。
CON NGƯỜI SAU HỆ SINH THÁI	THE PEOPLE BEHIND IKI	IKIを支える人々
Cùng xây IKI	Building IKI together	暮らしに役立つことから、
từ những điều thiết thực.	through practical work.	一緒にIKIをつくる。
Tìm hiểu đội ngũ và vai trò của từng người trong hệ sinh thái HOPE CORP.	Meet the team and learn about their roles within HOPE CORP.	HOPE CORPのチームと、それぞれの役割をご紹介します。
Xem đội ngũ hiện tại	Meet the team	チームを見る
AI hỗ trợ · IKI	AI assistance · IKI	AIサポート · IKI
CÔNG NGHỆ IKI	IKI TECHNOLOGY	IKIのテクノロジー
AI giúp việc chăm mình	AI makes self-care	AIで、セルフケアを
bớt phức tạp.	less complicated.	もっとシンプルに。
Đọc nhãn cùng chị. Sắp xếp thông tin cùng chị.	Helping you read labels and organise information.	ラベルの読み取りや、情報の整理をお手伝い。
Biết nói rõ khi chưa đủ thông tin.	Being clear when there is not enough information.	情報が足りないときは、そのことを明確に。
Đọc, rồi kiểm tra	Read, then review	読み取って、確かめる
Thông tin nhận từ ảnh là bản nháp. Chị có thể đối chiếu, sửa và xác nhận trước khi lưu.	Information extracted from images is a draft. Review, edit and confirm it before saving.	画像から読み取った情報は下書きです。照合・修正・確認してから保存できます。
Hiểu trong bối cảnh	Understand the context	背景とともに理解する
Ảnh da, cảm giác và thói quen được ghi nhận riêng. Không suy ra bệnh lý hay thể tạng chỉ từ ảnh.	Skin photos, feelings and habits are recorded separately. Photos alone are not used to infer a medical condition or body constitution.	肌の写真、感覚、習慣は分けて記録します。写真だけから病気や体質を判断しません。
Nói rõ giới hạn	Make limitations clear	限界を明確にする
Ảnh mờ, nhãn thiếu hoặc vấn đề cần chuyên môn đều cần bước hỗ trợ phù hợp.	Blurry photos, incomplete labels and specialist concerns each need appropriate follow-up.	不鮮明な写真、不完全なラベル、専門的な問題には、それぞれ適切な次の対応が必要です。
Chân dung phụ nữ trong ánh sáng ấm	Portrait of a woman in warm light	暖かな光の中の女性のポートレート
Chụp sản phẩm — màn hình app đã thiết kế	Product capture — app design screen	商品撮影 — アプリの画面デザイン
Các phần của app	App sections	アプリの各機能
Hành trình của chị — màn hình app đã thiết kế	Your journey — app design screen	あなたの記録 — アプリの画面デザイン
Hình giới thiệu IKI Beauty	IKI Beauty introduction image	IKI Beautyの紹介画像
Hình minh họa những người phụ nữ dành thời gian bên nhau	Women spending time together	一緒に過ごす女性たちのイメージ
Hình minh họa phụ nữ chia sẻ và thư giãn	Women talking and relaxing together	語り合い、くつろぐ女性たちのイメージ
Hình minh họa sự đồng hành giữa phụ nữ	Women supporting one another	女性同士の支え合いを表すイメージ
Kiểm tra thông tin — màn hình app đã thiết kế	Review details — app design screen	情報の確認 — アプリの画面デザイン
Lời nhắc riêng — màn hình app đã thiết kế	Your reminders — app design screen	リマインダー — アプリの画面デザイン
Màn chụp nhãn sản phẩm của IKI Beauty	IKI Beauty product label capture screen	IKI Beautyの商品ラベル撮影画面
Một bữa ăn nhiều thành phần trên bàn	A varied meal on a table	さまざまな料理が並ぶ食卓
Phóng lớn: Chụp sản phẩm	Enlarge: product capture	拡大：商品撮影
Phóng lớn: Hành trình của chị	Enlarge: your journey	拡大：あなたの記録
Phóng lớn: Kiểm tra thông tin	Enlarge: review details	拡大：情報の確認
Phóng lớn: Lời nhắc riêng	Enlarge: your reminders	拡大：リマインダー
Phóng lớn: Tiểu Nhã đồng hành	Enlarge: Tiểu Nhã assistance	拡大：Tiểu Nhãのサポート
Sách và một khoảng nghỉ	Books and a moment of rest	本と、休息のひととき
Tiểu Nhã đồng hành — màn hình app đã thiết kế	Tiểu Nhã assistance — app design screen	Tiểu Nhãのサポート — アプリの画面デザイン
Xem các màn trước	View previous screens	前の画面を見る
Ảnh trước	Previous image	前の画像
Ảnh tính năng app, có thể cuộn ngang	App feature images, scroll horizontally	アプリの機能画像、横にスクロールできます
