"Page URL","Custom label"
"https://ikihealing.com/quiz/","bofu"
"https://ikihealing.com/san-pham.html","bofu"
"https://ikihealing.com/shop/","bofu"
"https://ikihealing.com/san-pham/true-vegan-protein.html","bofu"
"https://ikihealing.com/san-pham/tra-thanh-huong.html","bofu"
"https://ikihealing.com/blog/","tofu"
"https://ikihealing.com/blog/lo-trinh.html","tofu"
"https://ikihealing.com/blog/moi-quan-tam.html","tofu"
"https://ikihealing.com/blog/cam-nhan-cong-dong.html","tofu"
"https://ikihealing.com/blog/mien-tru-trach-nhiem.html","tofu"
"https://ikihealing.com/blog/danh-muc-dinh-duong.html","tofu"
"https://ikihealing.com/blog/danh-muc-thoi-quen.html","tofu"
"https://ikihealing.com/blog/danh-muc-dong-y.html","tofu"
"https://ikihealing.com/blog/danh-muc-thuc-pham.html","tofu"
"https://ikihealing.com/blog/danh-muc-cam-nang-suc-khoe.html","tofu"
"https://ikihealing.com/blog/danh-muc-bao-cao.html","tofu"
"https://ikihealing.com/blog/khoang-cach-giua-cac-bua-an-bao-lau.html","tofu"
"https://ikihealing.com/blog/hop-nhua-dung-do-an-nong-co-hai-khong.html","tofu"
"https://ikihealing.com/blog/mon-an-khong-nen-ham-lai-nhieu-lan.html","tofu"
"https://ikihealing.com/blog/an-sang-luc-may-gio-la-tot-nhat.html","tofu"
"https://ikihealing.com/blog/an-dau-moi-ngay-co-tot-khong.html","tofu"
"https://ikihealing.com/blog/nau-noi-ap-suat-co-mat-chat-khong.html","tofu"
"https://ikihealing.com/blog/nuoc-mat-giai-nhiet-ban-san-co-tot-khong.html","tofu"
"https://ikihealing.com/blog/leo-cau-thang-bo-moi-ngay-co-tot-khong.html","tofu"
"https://ikihealing.com/blog/app-iki-nhat-ky-30-giay-phan-tich.html","tofu"
"https://ikihealing.com/blog/app-iki-lao-dong-hanh-tiet-khi.html","tofu"
"https://ikihealing.com/blog/app-iki-quet-bua-an-cham-am-duong.html","tofu"
"https://ikihealing.com/blog/bao-cao-hanh-trinh-hoi-dap-2026.html","tofu"
"https://ikihealing.com/blog/bao-cao-chu-ky-tai-mua-2026.html","tofu"
"https://ikihealing.com/blog/bao-cao-ban-do-quan-tam-suc-khoe-2026.html","tofu"
"https://ikihealing.com/blog/bao-cao-cau-truc-gio-hang-2026.html","tofu"
"https://ikihealing.com/blog/lo-trinh-cham-soc-suc-khoe-nguoi-moi-bat-dau.html","tofu"
"https://ikihealing.com/blog/uong-nuoc-dung-cach-moi-ngay.html","tofu"
"https://ikihealing.com/blog/an-theo-mua-va-the-tang.html","tofu"
"https://ikihealing.com/blog/an-chay-du-chat-can-bang.html","tofu"
"https://ikihealing.com/blog/8-nhom-thuc-pham-lanh-manh.html","tofu"
"https://ikihealing.com/blog/an-sang-tran-nang-luong.html","tofu"
"https://ikihealing.com/blog/bua-sang-10-phut-cho-ngay-ban.html","tofu"
"https://ikihealing.com/blog/duong-va-do-che-bien-san.html","tofu"
"https://ikihealing.com/blog/giac-ngu-chat-luong.html","tofu"
"https://ikihealing.com/blog/van-dong-nhe-moi-ngay.html","tofu"
"https://ikihealing.com/blog/thoi-quen-buoi-sang.html","tofu"
"https://ikihealing.com/blog/thu-gian-can-bang-hoi-tho.html","tofu"
"https://ikihealing.com/blog/5-the-tang-theo-dong-y.html","tofu"
"https://ikihealing.com/blog/minh-triet-an-uong-am-duong.html","tofu"
"https://ikihealing.com/blog/kinh-nghiem-dan-gian-cham-soc.html","tofu"
"https://ikihealing.com/blog/qua-bo-gia-tri-va-cach-an.html","tofu"
"https://ikihealing.com/blog/cac-loai-hat-dinh-duong.html","tofu"
"https://ikihealing.com/blog/rau-la-xanh-moi-ngay.html","tofu"
"https://ikihealing.com/blog/gia-vi-viet-gung-nghe-sa.html","tofu"
"https://ikihealing.com/blog/lo-trinh-nguoi-tre.html","tofu"
"https://ikihealing.com/blog/lo-trinh-nguoi-trung-nien.html","tofu"
"https://ikihealing.com/blog/lo-trinh-nguoi-cao-tuoi.html","tofu"
"https://ikihealing.com/blog/day-bung-kho-tieu-sau-an.html","tofu"
"https://ikihealing.com/blog/kho-ngu-tran-troc-nep-buoi-toi.html","tofu"
"https://ikihealing.com/blog/hay-met-ue-oai-giua-buoi.html","tofu"
"https://ikihealing.com/blog/cham-da-tu-ben-trong.html","tofu"
"https://ikihealing.com/blog/toc-yeu-rung-dinh-duong.html","tofu"
"https://ikihealing.com/blog/dam-thuc-vat-va-dong-vat.html","tofu"
"https://ikihealing.com/blog/an-gi-cho-nang-luong-ben.html","tofu"
"https://ikihealing.com/blog/thuc-uong-am-tra-thao-moc.html","tofu"
"https://ikihealing.com/blog/giu-tinh-than-can-bang.html","tofu"
"https://ikihealing.com/blog/vi-sao-chon-dam-thuc-vat.html","mofu"
"https://ikihealing.com/blog/dam-cho-nguoi-tren-50-giu-khoi-co.html","tofu"
"https://ikihealing.com/blog/kem-va-thuc-pham-giau-kem.html","tofu"
"https://ikihealing.com/blog/omega-3-tu-thuc-vat.html","tofu"
"https://ikihealing.com/blog/sua-hat-tu-lam-tai-nha.html","tofu"
"https://ikihealing.com/blog/tra-thanh-huong-thu-gian.html","tofu"
"https://ikihealing.com/blog/app-iki-ca-nhan-hoa.html","tofu"
"https://ikihealing.com/blog/an-no-80-phan-tram-hara-hachi-bu.html","tofu"
"https://ikihealing.com/blog/che-do-an-okinawa-truong-tho.html","tofu"
"https://ikihealing.com/blog/do-len-men-nhat-ban.html","tofu"
"https://ikihealing.com/blog/ikigai-le-song-tinh-than.html","tofu"
"https://ikihealing.com/blog/tra-xanh-matcha-thoi-quen-nhat.html","tofu"
"https://ikihealing.com/blog/van-dong-kieu-nhat-radio-taiso.html","tofu"
"https://ikihealing.com/blog/lo-trinh-dan-van-phong.html","tofu"
"https://ikihealing.com/blog/suc-khoe-cho-coder-it.html","tofu"
"https://ikihealing.com/blog/suc-khoe-cho-nhan-vien-sale.html","tofu"
"https://ikihealing.com/blog/suc-khoe-cho-nhan-vien-hanh-chinh.html","tofu"
"https://ikihealing.com/blog/suc-khoe-phu-nu-sau-sinh.html","tofu;nhay-cam"
"https://ikihealing.com/blog/suc-khoe-tai-xe-duong-dai.html","tofu"
"https://ikihealing.com/blog/suc-khoe-giao-vien.html","tofu"
"https://ikihealing.com/blog/suc-khoe-hoc-sinh-mua-thi.html","tofu"
"https://ikihealing.com/blog/dinh-duong-nguoi-tap-gym.html","tofu"
"https://ikihealing.com/blog/an-gi-de-tap-trung-lam-viec.html","tofu"
"https://ikihealing.com/blog/tap-the-duc-buoi-sang-hay-buoi-toi.html","tofu"
"https://ikihealing.com/blog/chuan-bi-bua-an-ca-tuan-cho-nguoi-di-lam.html","tofu"
"https://ikihealing.com/blog/an-uong-khi-di-tiec-lien-hoan.html","tofu"
"https://ikihealing.com/blog/uong-dam-thuc-vat-luc-nao-trong-ngay.html","tofu"
"https://ikihealing.com/blog/ngu-du-8-tieng-van-met.html","tofu"
"https://ikihealing.com/blog/nguoi-gay-kho-tang-can-nen-an-gi.html","tofu"
"https://ikihealing.com/blog/thuc-don-7-ngay-cho-nguoi-an-chay-du-dam.html","tofu"
"https://ikihealing.com/blog/nhin-an-gian-doan-16-8-co-phu-hop-nguoi-viet.html","tofu"
"https://ikihealing.com/blog/uong-nuoc-chanh-mat-ong-buoi-sang.html","tofu"
"https://ikihealing.com/blog/ngam-chan-nuoc-am-truoc-khi-ngu.html","tofu"
"https://ikihealing.com/blog/tre-bieng-an-phai-lam-sao.html","tofu;nhay-cam"
"https://ikihealing.com/blog/uong-dam-thuc-vat-co-hai-than-khong.html","tofu"
"https://ikihealing.com/blog/dau-nanh-trong-bua-com-viet.html","tofu"
"https://ikihealing.com/blog/uong-nuoc-dua-moi-ngay-co-tot-khong.html","tofu"
"https://ikihealing.com/blog/an-yen-mach-buoi-sang-dung-cach.html","tofu"
"https://ikihealing.com/blog/an-dau-phu-co-tot-khong.html","tofu"
"https://ikihealing.com/blog/uong-gi-thay-ca-phe-buoi-sang.html","tofu"
"https://ikihealing.com/blog/nguoi-chay-bo-nen-an-gi.html","tofu"
"https://ikihealing.com/blog/nguoi-moi-om-day-nen-an-gi.html","tofu"
"https://ikihealing.com/blog/an-toi-luc-may-gio-la-tot-nhat.html","tofu"
"https://ikihealing.com/blog/nguoi-an-chay-bo-sung-canxi.html","tofu"
"https://ikihealing.com/blog/thuc-pham-tot-cho-tri-nho-nguoi-lon-tuoi.html","tofu"
"https://ikihealing.com/blog/an-nam-co-tot-khong.html","tofu"
"https://ikihealing.com/blog/an-mi-tom-the-nao-cho-do-hai.html","tofu"
"https://ikihealing.com/blog/an-uong-lanh-manh-ma-tiet-kiem.html","tofu"
"https://ikihealing.com/blog/hat-chia-dung-the-nao-cho-dung.html","tofu"
"https://ikihealing.com/blog/ngoi-dieu-hoa-ca-ngay-nen-an-uong-the-nao.html","tofu"
"https://ikihealing.com/blog/an-hoa-qua-truoc-hay-sau-bua-an.html","tofu"
"https://ikihealing.com/blog/com-nguoi-ham-lai-co-tot-khong.html","tofu"
"https://ikihealing.com/blog/nen-an-may-bua-mot-ngay.html","tofu"
"https://ikihealing.com/blog/an-sang-bun-pho-banh-mi-xoi-co-tot-khong.html","tofu"
"https://ikihealing.com/blog/hay-them-do-ngot-phai-lam-sao.html","tofu"
"https://ikihealing.com/blog/thuc-pham-giau-chat-chong-oxy-hoa.html","tofu"
"https://ikihealing.com/blog/nguoi-tap-yoga-nen-an-gi.html","tofu"
"https://ikihealing.com/blog/dau-hieu-co-the-thieu-dam.html","tofu"
"https://ikihealing.com/blog/eat-clean-kieu-viet-van-an-com.html","tofu"
"https://ikihealing.com/blog/suong-mu-nao-hay-quen-kho-tap-trung.html","tofu"
"https://ikihealing.com/blog/an-chay-ngay-ram-mung-mot-du-chat.html","tofu"
"https://ikihealing.com/blog/duy-tri-thoi-quen-an-uong-lanh-manh.html","tofu"
"https://ikihealing.com/blog/uong-sua-bi-dau-bung-nen-uong-gi-thay-the.html","mofu"
"https://ikihealing.com/blog/an-theo-cam-xuc-lam-sao-de-dung-lai.html","tofu"
"https://ikihealing.com/blog/sua-hat-cho-tre-may-tuoi-uong-duoc.html","tofu;nhay-cam"
"https://ikihealing.com/blog/che-do-an-cho-da-mun-khoa-hoc-noi-gi.html","tofu"
"https://ikihealing.com/blog/lanh-tay-chan-nen-an-gi.html","tofu"
"https://ikihealing.com/blog/toc-bac-som-nen-an-gi.html","tofu"
"https://ikihealing.com/blog/nuoc-ham-xuong-co-bo-khong.html","tofu"
"https://ikihealing.com/blog/mam-com-gia-dinh-nhieu-the-he.html","tofu"
"https://ikihealing.com/blog/tang-suc-de-khang-cho-tre-nen-an-gi.html","tofu;nhay-cam"
"https://ikihealing.com/blog/an-gi-truoc-khi-tap-gym-buoi-sang.html","tofu"
"https://ikihealing.com/blog/mon-an-de-tieu-cho-nguoi-lon-tuoi.html","tofu"
"https://ikihealing.com/blog/cach-chia-dia-bua-an-can-bang.html","tofu"
"https://ikihealing.com/blog/ngay-den-do-nen-an-gi.html","tofu"
"https://ikihealing.com/blog/an-chay-linh-hoat-flexitarian.html","tofu"
"https://ikihealing.com/blog/uong-nuoc-da-lanh-co-hai-khong.html","tofu"
"https://ikihealing.com/blog/nguoi-gia-an-khong-ngon-mieng.html","tofu"
"https://ikihealing.com/blog/uong-bot-san-day-co-tot-khong.html","tofu"
"https://ikihealing.com/blog/nguoi-hay-thuc-khuya-nen-an-gi.html","tofu"
"https://ikihealing.com/blog/uong-nuoc-dau-den-rang-co-tot-khong.html","tofu"
"https://ikihealing.com/blog/an-uong-mua-thu-duong-phe.html","tofu"
"https://ikihealing.com/blog/sau-khi-uong-ruou-bia-nen-an-gi.html","tofu"
"https://ikihealing.com/blog/nam-gioi-uong-sua-dau-nanh-co-anh-huong-gi.html","tofu"
"https://ikihealing.com/blog/an-noi-tang-dong-vat-co-tot-khong.html","tofu"
"https://ikihealing.com/blog/hat-sen-co-giup-ngu-ngon-khong.html","tofu"
"https://ikihealing.com/blog/bung-da-nhay-cam-nen-an-uong-the-nao.html","tofu"
"https://ikihealing.com/blog/uong-dam-thuc-vat-co-tang-can-khong.html","tofu"
"https://ikihealing.com/blog/lay-lai-nep-ngu-cho-tre-truoc-nam-hoc-moi.html","tofu;nhay-cam"
"https://ikihealing.com/blog/an-chay-ca-thang-7-am-lich-du-chat.html","tofu"
"https://ikihealing.com/blog/uong-dam-thuc-vat-bi-day-bung.html","tofu"
"https://ikihealing.com/blog/uong-tra-thao-moc-buoi-toi-co-mat-ngu-khong.html","tofu"
"https://ikihealing.com/blog/tra-hoa-cuc-co-tac-dung-gi-uong-luc-nao.html","tofu"
"https://ikihealing.com/blog/nong-trong-nguoi-nen-an-gi-uong-gi.html","tofu"
"https://ikihealing.com/blog/an-chay-truong-thieu-chat-gi.html","tofu"
"https://ikihealing.com/blog/sau-khi-uong-khang-sinh-nen-an-gi.html","tofu;nhay-cam"
"https://ikihealing.com/blog/thuc-pham-giau-i-ot.html","tofu"
"https://ikihealing.com/blog/thuc-pham-giau-axit-folic.html","tofu"
"https://ikihealing.com/blog/ngam-rau-nuoc-muoi-co-sach-khong.html","tofu"
"https://ikihealing.com/blog/uong-nuoc-la-tia-to-co-tot-khong.html","tofu"
"https://ikihealing.com/blog/an-ngoai-hang-quan-thuong-xuyen-nen-an-the-nao.html","tofu"
"https://ikihealing.com/blog/thuc-pham-huu-co-co-thuc-su-tot-hon-khong.html","tofu"
"https://ikihealing.com/blog/mong-tay-gion-de-gay-thieu-chat-gi.html","tofu"
"https://ikihealing.com/blog/thuc-pham-giau-vitamin-e.html","tofu"
"https://ikihealing.com/blog/sinh-vien-o-tro-an-gi-cho-du-chat.html","tofu"
"https://ikihealing.com/blog/an-banh-trung-thu-the-nao-cho-do-ngan.html","tofu"
"https://ikihealing.com/blog/an-gi-de-tang-suc-de-khang-cho-nguoi-lon.html","tofu"
"https://ikihealing.com/blog/chuan-bi-mang-thai-nen-an-gi.html","tofu;nhay-cam"
"https://ikihealing.com/blog/thuc-pham-giau-vitamin-a.html","tofu"
"https://ikihealing.com/blog/an-bao-nhieu-hat-moi-ngay-la-du.html","tofu"
"https://ikihealing.com/blog/uong-nuoc-la-voi-co-tot-khong.html","tofu"
"https://ikihealing.com/blog/tre-em-uong-dam-thuc-vat-duoc-khong.html","tofu;nhay-cam"
"https://ikihealing.com/blog/nuoc-gao-lut-rang-co-tot-khong.html","tofu"
"https://ikihealing.com/blog/ngu-bao-nhieu-tieng-la-du-theo-do-tuoi.html","tofu"
"https://ikihealing.com/blog/com-hop-mang-di-lam-du-chat-an-toan.html","tofu"
"https://ikihealing.com/blog/suc-khoe-cho-tai-xe-cong-nghe-shipper.html","tofu"
"https://ikihealing.com/blog/bua-phu-buoi-chieu-cho-dan-van-phong.html","tofu"
"https://ikihealing.com/blog/dam-thuc-vat-co-du-axit-amin-thiet-yeu-khong.html","tofu"
"https://ikihealing.com/blog/an-nhieu-rau-van-tao-bon-vi-sao.html","tofu"
"https://ikihealing.com/blog/an-sang-xong-van-doi-truoc-trua.html","tofu"
"https://ikihealing.com/blog/nguoi-lon-tuoi-kho-nhai-nuot-nen-an-gi.html","tofu"
"https://ikihealing.com/blog/che-do-an-chong-viem-cho-nguoi-viet.html","tofu"
"https://ikihealing.com/blog/uong-men-vi-sinh-luc-nao-la-tot-nhat.html","tofu"
"https://ikihealing.com/blog/an-toi-song-moi-ngay-co-tot-khong.html","tofu"
"https://ikihealing.com/blog/uong-nuoc-la-dinh-lang-co-tot-khong.html","tofu"
"https://ikihealing.com/blog/an-com-chan-canh-co-hai-khong.html","tofu"
"https://ikihealing.com/blog/ngu-hay-nam-mo-nhieu-co-sao-khong.html","tofu"
"https://ikihealing.com/blog/ra-dong-thuc-pham-dung-cach.html","tofu"
"https://ikihealing.com/blog/moi-an-chay-hay-doi-nhanh-va-met.html","tofu"
"https://ikihealing.com/blog/an-gi-tot-cho-phoi-khi-khong-khi-o-nhiem.html","tofu"
"https://ikihealing.com/blog/toi-nao-cung-doi-bung-du-da-an-no.html","tofu"
"https://ikihealing.com/blog/cach-chon-sua-hat-dong-hop-mua-san.html","mofu"
"https://ikihealing.com/blog/khong-thich-an-rau-phai-lam-sao.html","tofu"
"https://ikihealing.com/blog/di-lam-ve-met-khong-muon-nau-an.html","tofu"
"https://ikihealing.com/blog/an-bao-nhieu-trai-cay-moi-ngay-la-du.html","tofu"
"https://ikihealing.com/blog/an-uong-cho-nguoi-lam-viec-ngoai-troi-nang-nong.html","tofu"
"https://ikihealing.com/blog/nuoc-ion-kiem-co-tot-khong.html","tofu"
"https://ikihealing.com/blog/uong-bot-ngu-coc-thay-bua-sang.html","tofu"
"https://ikihealing.com/blog/uong-collagen-co-tot-khong.html","tofu"
"https://ikihealing.com/blog/sua-hat-co-thay-duoc-sua-bo-khong.html","tofu"
"https://ikihealing.com/blog/ngu-bu-cuoi-tuan-co-bu-duoc-khong.html","tofu"
"https://ikihealing.com/blog/lech-mui-gio-jet-lag-lay-lai-nhip-ngu.html","tofu"
"https://ikihealing.com/blog/bu-nuoc-va-dien-giai-khi-van-dong.html","tofu"
"https://ikihealing.com/blog/cach-chon-rau-cu-tuoi-sach-ngoai-cho.html","mofu"
"https://ikihealing.com/blog/an-hai-san-bao-nhieu-la-du.html","tofu"
"https://ikihealing.com/blog/muoi-hong-himalaya-co-tot-hon-muoi-thuong-khong.html","tofu"
"https://ikihealing.com/blog/doc-han-su-dung-thuc-pham-dung-cach.html","tofu"
"https://ikihealing.com/blog/an-uong-tuoi-30-chuyen-hoa-cham.html","tofu"
"https://ikihealing.com/blog/cach-pha-bot-dam-thuc-vat-cho-de-uong.html","tofu"
"https://ikihealing.com/blog/uong-canxi-va-sat-cach-nhau-bao-lau.html","tofu"
"https://ikihealing.com/blog/lam-sao-day-som-ma-khong-met.html","tofu"
"https://ikihealing.com/blog/hay-bi-lanh-bung-nen-an-uong-the-nao.html","tofu"
"https://ikihealing.com/blog/dam-whey-va-dam-thuc-vat-loai-nao-tot-hon.html","mofu"
"https://ikihealing.com/blog/nghien-rang-khi-ngu-nguyen-nhan-va-cach-cai-thien.html","tofu"
"https://ikihealing.com/blog/thuc-pham-giau-selen.html","tofu"
"https://ikihealing.com/blog/ba-bau-uong-tra-thao-moc-duoc-khong.html","tofu;nhay-cam"
"https://ikihealing.com/blog/an-theo-nhom-mau-co-dung-khong.html","tofu"
"https://ikihealing.com/blog/an-yen-sao-the-nao-cho-dung.html","tofu"
"https://ikihealing.com/blog/mat-ong-nguyen-chat-phan-biet-va-dung-dung-cach.html","mofu"
"https://ikihealing.com/blog/thuc-pham-bien-doi-gen-co-hai-khong.html","tofu"
"https://ikihealing.com/blog/bao-quan-bot-dam-thuc-vat-sau-khi-mo-nap.html","tofu"
"https://ikihealing.com/blog/tre-em-uong-tra-thao-moc-duoc-khong.html","tofu;nhay-cam"
"https://ikihealing.com/blog/ngu-day-bi-dang-mieng-kho-mieng.html","tofu"
"https://ikihealing.com/blog/an-do-hop-the-nao-cho-an-toan.html","tofu"
"https://ikihealing.com/blog/che-do-an-keto-co-phu-hop-voi-nguoi-viet-khong.html","tofu"
"https://ikihealing.com/blog/cach-bo-thoi-quen-thuc-khuya.html","tofu"
"https://ikihealing.com/blog/tre-cham-tang-can-nen-an-gi.html","tofu;nhay-cam"
"https://ikihealing.com/blog/khan-tieng-do-noi-nhieu-phai-lam-sao.html","tofu"
"https://ikihealing.com/blog/dam-dau-nanh-dau-ha-lan-dam-gao-khac-nhau.html","mofu"
"https://ikihealing.com/blog/30-ngay-dau-uong-dam-thuc-vat.html","tofu"
"https://ikihealing.com/blog/phu-nu-uong-dam-thuc-vat-the-nao-cho-hop.html","tofu"
"https://ikihealing.com/blog/cach-pha-tra-tui-loc-dung-cach.html","tofu"
"https://ikihealing.com/blog/tra-tui-loc-va-tra-roi-khac-nhau-the-nao.html","mofu"
"https://ikihealing.com/blog/tra-thao-moc-nao-khong-co-caffeine.html","tofu"
"https://ikihealing.com/blog/uong-tra-thao-moc-moi-ngay-co-duoc-khong.html","tofu"
"https://ikihealing.com/blog/tra-thao-moc-viet-va-tra-nhap-khau.html","tofu"
"https://ikihealing.com/blog/bao-cao-nhip-tieu-dung-thang-08-2026.html","tofu"
"https://ikihealing.com/blog/bao-cao-nhip-mua-theo-thang-2026.html","tofu"
"https://ikihealing.com/blog/an-gi-de-da-dep.html","tofu"
"https://ikihealing.com/blog/dam-va-lan-da-toc-mong.html","tofu"
"https://ikihealing.com/blog/an-bi-do-nhieu-co-bi-vang-da-khong.html","tofu"
"https://ikihealing.com/blog/an-ca-dung-cach-moi-tuan.html","tofu"
"https://ikihealing.com/blog/an-cay-nhieu-co-hai-khong.html","tofu"
"https://ikihealing.com/blog/an-cham-nhai-ky.html","tofu"
"https://ikihealing.com/blog/an-chuoi-moi-ngay-co-tot-khong.html","tofu"
"https://ikihealing.com/blog/an-dam-cho-be-bat-dau-tu-dau.html","tofu"
"https://ikihealing.com/blog/an-do-nuong-thuong-xuyen-co-hai-khong.html","tofu"
"https://ikihealing.com/blog/an-dua-thom-co-tac-dung-gi.html","tofu"
"https://ikihealing.com/blog/an-gi-de-giam-cang-thang-lo-au.html","tofu"
"https://ikihealing.com/blog/an-gi-de-tang-chieu-cao-cho-tre.html","tofu;nhay-cam"
"https://ikihealing.com/blog/an-gi-truoc-khi-ngu-de-ngu-ngon.html","tofu"
"https://ikihealing.com/blog/an-giam-muoi.html","tofu"
"https://ikihealing.com/blog/an-it-thit-co-thieu-dam-khong.html","tofu"
"https://ikihealing.com/blog/an-rau-cu-nhieu-mau-sac.html","tofu"
"https://ikihealing.com/blog/an-sang-bang-trai-cay-co-tot-khong.html","tofu"
"https://ikihealing.com/blog/an-sang-cho-tre-di-hoc.html","tofu;nhay-cam"
"https://ikihealing.com/blog/an-toi-moi-ngay-bao-nhieu-la-du.html","tofu"
"https://ikihealing.com/blog/an-toi-muon-co-anh-huong-gi-khong.html","tofu"
"https://ikihealing.com/blog/an-uong-khi-di-du-lich.html","tofu"
"https://ikihealing.com/blog/an-uong-nguoi-ban-ron.html","tofu"
"https://ikihealing.com/blog/an-uong-truoc-va-sau-khi-hien-mau.html","tofu;nhay-cam"
"https://ikihealing.com/blog/an-uong-truoc-va-sau-khi-tiem-vaccine.html","tofu;nhay-cam"
"https://ikihealing.com/blog/an-vat-dem-khuya-co-anh-huong-gi-khong.html","tofu"
"https://ikihealing.com/blog/an-vat-lanh-manh.html","tofu"
"https://ikihealing.com/blog/ba-bau-3-thang-dau-nen-an-gi.html","tofu;nhay-cam"
"https://ikihealing.com/blog/ba-bau-uong-dam-thuc-vat-duoc-khong.html","tofu;nhay-cam"
"https://ikihealing.com/blog/bao-quan-bot-dam-thuc-vat-dung-cach.html","tofu"
"https://ikihealing.com/blog/bao-quan-thuc-pham-dung-cach.html","tofu"
"https://ikihealing.com/blog/bao-ve-mat-cho-tre-em.html","tofu;nhay-cam"
"https://ikihealing.com/blog/bot-dam-thuc-vat-co-kho-uong-khong.html","tofu"
"https://ikihealing.com/blog/bot-dam-thuc-vat-gia-bao-nhieu.html","tofu"
"https://ikihealing.com/blog/bot-dam-thuc-vat-loai-nao-tot.html","mofu"
"https://ikihealing.com/blog/bot-dam-thuc-vat-nao-tot.html","tofu"
"https://ikihealing.com/blog/bua-toi-nhe-de-tieu.html","tofu"
"https://ikihealing.com/blog/buon-ngu-sau-khi-an-trua.html","tofu"
"https://ikihealing.com/blog/ca-phe-va-suc-khoe.html","tofu"
"https://ikihealing.com/blog/cach-ghi-nhat-ky-an-uong.html","tofu"
"https://ikihealing.com/blog/cach-tinh-nhu-cau-calo-moi-ngay.html","tofu"
"https://ikihealing.com/blog/can-bao-nhieu-dam-moi-ngay.html","tofu"
"https://ikihealing.com/blog/canxi-va-xuong-chac-khoe.html","tofu"
"https://ikihealing.com/blog/cham-soc-da-dau-va-gau.html","tofu"
"https://ikihealing.com/blog/cham-soc-da-mua-hanh-kho.html","tofu"
"https://ikihealing.com/blog/cham-soc-mat-nguoi-lon-tuoi.html","tofu"
"https://ikihealing.com/blog/cham-soc-suc-khoe-ngay-tet.html","tofu"
"https://ikihealing.com/blog/chat-beo-tot-xau.html","tofu"
"https://ikihealing.com/blog/chat-tao-ngot-thay-duong-co-an-toan-khong.html","tofu"
"https://ikihealing.com/blog/chat-xo-loi-khuan-duong-ruot.html","tofu"
"https://ikihealing.com/blog/che-do-an-dia-trung-hai.html","tofu"
"https://ikihealing.com/blog/chi-so-duong-huyet-thuc-pham.html","tofu"
"https://ikihealing.com/blog/chon-dau-an-lanh-manh.html","mofu"
"https://ikihealing.com/blog/chon-thuc-pham-bo-sung-dung-cach.html","mofu"
"https://ikihealing.com/blog/chon-tra-thao-moc-cho-dan-van-phong.html","mofu"
"https://ikihealing.com/blog/chuot-rut-chan-ban-dem.html","tofu"
"https://ikihealing.com/blog/co-nen-uong-vitamin-tong-hop-moi-ngay.html","tofu"
"https://ikihealing.com/blog/dam-thuc-vat-la-gi.html","tofu"
"https://ikihealing.com/blog/dam-thuc-vat-va-whey-khac-nhau-the-nao.html","mofu"
"https://ikihealing.com/blog/dau-chien-di-chien-lai-co-hai-khong.html","tofu"
"https://ikihealing.com/blog/dau-lung-duoi-va-van-dong-nhe.html","tofu"
"https://ikihealing.com/blog/dau-moi-co-vai-gay.html","tofu"
"https://ikihealing.com/blog/di-bo-10-nghin-buoc-moi-ngay.html","tofu"
"https://ikihealing.com/blog/di-bo-sau-an.html","tofu"
"https://ikihealing.com/blog/di-ung-thoi-tiet-giao-mua.html","tofu"
"https://ikihealing.com/blog/dinh-duong-can-bang-tuoi-day-thi.html","tofu"
"https://ikihealing.com/blog/dinh-duong-cho-phu-nu-mang-thai.html","tofu;nhay-cam"
"https://ikihealing.com/blog/do-mo-hoi-nhieu-nen-an-uong-gi.html","tofu"
"https://ikihealing.com/blog/do-uong-co-gas-va-suc-khoe.html","tofu"
"https://ikihealing.com/blog/doc-nhan-dinh-duong-thuc-pham.html","tofu"
"https://ikihealing.com/blog/doc-nhan-thuc-pham.html","tofu"
"https://ikihealing.com/blog/giai-nhiet-mua-nang-nong.html","tofu"
"https://ikihealing.com/blog/giam-tinh-bot-dung-cach.html","tofu"
"https://ikihealing.com/blog/gian-co-dan-van-phong.html","tofu"
"https://ikihealing.com/blog/giu-am-mua-dong.html","tofu"
"https://ikihealing.com/blog/giu-nep-an-khi-di-xa.html","tofu"
"https://ikihealing.com/blog/ham-nong-thuc-an-bang-lo-vi-song-co-hai-khong.html","tofu"
"https://ikihealing.com/blog/hay-bi-chong-mat-nen-an-gi.html","tofu"
"https://ikihealing.com/blog/hay-bi-nhiet-mieng-nen-an-gi.html","tofu"
"https://ikihealing.com/blog/hay-tieu-dem-nen-uong-nuoc-the-nao.html","tofu"
"https://ikihealing.com/blog/hay-tinh-giac-luc-3-gio-sang-lam-sao-ngu-lai.html","tofu"
"https://ikihealing.com/blog/hoi-mieng-nguyen-nhan-va-thoi-quen-cham-soc.html","tofu"
"https://ikihealing.com/blog/huyet-ap-thap-nen-an-gi.html","tofu;nhay-cam"
"https://ikihealing.com/blog/kem-trong-bua-an-hang-ngay.html","tofu"
"https://ikihealing.com/blog/khoai-lang-va-cu-qua-giau-tinh-bot.html","tofu"
"https://ikihealing.com/blog/khong-tap-gym-co-nen-uong-dam-thuc-vat-khong.html","tofu"
"https://ikihealing.com/blog/kiem-soat-can-nang-lanh-manh.html","tofu"
"https://ikihealing.com/blog/luoc-rau-the-nao-de-khong-mat-chat.html","tofu"
"https://ikihealing.com/blog/magie-va-thuc-pham-giau-magie.html","tofu"
"https://ikihealing.com/blog/man-hinh-truoc-gio-ngu.html","tofu"
"https://ikihealing.com/blog/mat-ngu-tien-man-kinh-nen-an-gi.html","tofu"
"https://ikihealing.com/blog/me-cho-con-bu-nen-an-gi.html","tofu;nhay-cam"
"https://ikihealing.com/blog/men-vi-sinh-va-men-tieu-hoa-khac-nhau.html","mofu"
"https://ikihealing.com/blog/moi-mat-kho-mat-man-hinh.html","tofu"
"https://ikihealing.com/blog/nau-an-tai-nha.html","tofu"
"https://ikihealing.com/blog/nau-com-nha-nguoi-ban.html","tofu"
"https://ikihealing.com/blog/nen-an-rau-truoc-hay-com-truoc.html","tofu"
"https://ikihealing.com/blog/nen-uong-ca-phe-muon-nhat-luc-may-gio.html","tofu"
"https://ikihealing.com/blog/ngoi-lau-va-suc-khoe.html","tofu"
"https://ikihealing.com/blog/ngoi-thien-5-phut-moi-ngay.html","tofu"
"https://ikihealing.com/blog/ngu-coc-nguyen-cam-gao-lut.html","tofu"
"https://ikihealing.com/blog/ngu-ngay-nguyen-nhan-va-cach-cai-thien.html","tofu"
"https://ikihealing.com/blog/ngu-trua-phuc-hoi-nang-luong.html","tofu"
"https://ikihealing.com/blog/nguoi-an-chay-bo-sung-kem-the-nao.html","tofu"
"https://ikihealing.com/blog/nguoi-an-chay-bo-sung-sat-the-nao.html","tofu"
"https://ikihealing.com/blog/nguoi-an-chay-tap-gym-nen-an-gi.html","tofu"
"https://ikihealing.com/blog/nguoi-lon-hay-om-vat-nen-an-gi.html","tofu"
"https://ikihealing.com/blog/nhin-an-sang-co-sao-khong.html","tofu"
"https://ikihealing.com/blog/nhip-sinh-hoc-giac-ngu-va-anh-sang.html","tofu"
"https://ikihealing.com/blog/noi-chien-khong-dau-co-hai-khong.html","tofu"
"https://ikihealing.com/blog/nuoc-ep-can-tay-co-tot-khong.html","tofu"
"https://ikihealing.com/blog/nuoc-ep-sinh-to-dung-cach.html","tofu"
"https://ikihealing.com/blog/on-dinh-duong-huyet.html","tofu"
"https://ikihealing.com/blog/pha-bot-dam-thuc-vat-voi-gi-cho-de-uong.html","tofu"
"https://ikihealing.com/blog/rau-cu-dong-lanh-co-tot-nhu-rau-tuoi-khong.html","tofu"
"https://ikihealing.com/blog/rau-thom-viet-va-loi-ich-suc-khoe.html","tofu"
"https://ikihealing.com/blog/rung-toc-sau-sinh-nen-an-gi.html","tofu;nhay-cam"
"https://ikihealing.com/blog/say-tau-xe-nen-an-gi.html","tofu"
"https://ikihealing.com/blog/sua-chua-va-loi-khuan-song.html","tofu"
"https://ikihealing.com/blog/sua-hat-va-bot-dam-thuc-vat-khac-nhau-the-nao.html","mofu"
"https://ikihealing.com/blog/sua-tiet-trung-va-sua-thanh-trung-khac-nhau-the-nao.html","mofu"
"https://ikihealing.com/blog/suc-khoe-lam-viec-tu-xa.html","tofu"
"https://ikihealing.com/blog/suc-khoe-mua-mua.html","tofu"
"https://ikihealing.com/blog/suc-khoe-nam-gioi-trung-nien.html","tofu"
"https://ikihealing.com/blog/suc-khoe-nguoi-lam-ca-dem.html","tofu"
"https://ikihealing.com/blog/suc-khoe-phu-nu-tuoi-40.html","tofu"
"https://ikihealing.com/blog/suc-khoe-rang-mieng.html","tofu"
"https://ikihealing.com/blog/suc-khoe-tinh-than-noi-cong-so.html","tofu"
"https://ikihealing.com/blog/suc-khoe-tuoi-man-kinh.html","tofu"
"https://ikihealing.com/blog/tam-khuya-co-hai-khong.html","tofu"
"https://ikihealing.com/blog/tao-bon-tieu-hoa-khoe.html","tofu"
"https://ikihealing.com/blog/tap-song-cham.html","tofu"
"https://ikihealing.com/blog/thoi-quen-buoi-toi-cho-phu-nu.html","tofu"
"https://ikihealing.com/blog/thoi-quen-doc-sach-truoc-khi-ngu.html","tofu"
"https://ikihealing.com/blog/thuc-pham-giau-dam-thuc-vat.html","tofu"
"https://ikihealing.com/blog/thuc-pham-giau-kali.html","tofu"
"https://ikihealing.com/blog/thuc-pham-giau-sat.html","tofu"
"https://ikihealing.com/blog/thuc-pham-len-men-truyen-thong-viet.html","tofu"
"https://ikihealing.com/blog/thuc-pham-mua-lanh.html","tofu"
"https://ikihealing.com/blog/thuc-pham-tang-sinh-collagen-tu-nhien.html","tofu"
"https://ikihealing.com/blog/tra-thanh-huong-la-gi.html","tofu"
"https://ikihealing.com/blog/trai-cay-theo-mua-o-viet-nam.html","tofu"
"https://ikihealing.com/blog/trao-nguoc-da-day.html","tofu;nhay-cam"
"https://ikihealing.com/blog/true-vegan-protein-la-gi.html","tofu"
"https://ikihealing.com/blog/trung-ga-dinh-duong-va-cach-an-hop-ly.html","tofu"
"https://ikihealing.com/blog/trung-vit-lon-an-sao-cho-dung.html","tofu"
"https://ikihealing.com/blog/uong-dam-thuc-vat-co-noi-mun-khong.html","tofu"
"https://ikihealing.com/blog/uong-nuoc-gung-am-buoi-sang.html","tofu"
"https://ikihealing.com/blog/uong-nuoc-rau-ma-moi-ngay-co-tot-khong.html","tofu"
"https://ikihealing.com/blog/uong-tra-dung-cach.html","tofu"
"https://ikihealing.com/blog/uong-tra-khi-bung-doi-co-hai-khong.html","tofu"
"https://ikihealing.com/blog/uong-tra-sua-moi-ngay-co-sao-khong.html","tofu"
"https://ikihealing.com/blog/uong-tra-thao-moc-thay-nuoc-loc-duoc-khong.html","tofu"
"https://ikihealing.com/blog/vitamin-b12-nguoi-an-chay.html","tofu"
"https://ikihealing.com/blog/vitamin-c-va-de-khang.html","tofu"
"https://ikihealing.com/blog/vitamin-d-va-anh-nang.html","tofu"
"https://ikihealing.com/blog/vitamin-k2-co-trong-thuc-pham-nao.html","tofu"
"https://ikihealing.com/blog/vitamin-nhom-b-va-nang-luong-moi-ngay.html","tofu"
"https://ikihealing.com/blog/an-nhieu-duong-anh-huong-lan-da.html","tofu"
"https://ikihealing.com/blog/chat-chong-oxy-hoa-trong-thuc-pham.html","tofu"
"https://ikihealing.com/blog/van-dong-ra-mo-hoi-loi-gi-cho-da.html","tofu"
"https://ikihealing.com/blog/pha-tra-cho-ca-nha-cung-uong.html","tofu"
"https://ikihealing.com/blog/cang-thang-anh-huong-lan-da.html","tofu"
"https://ikihealing.com/blog/lo-trinh-nguoi-ban-ron.html","tofu"
"https://ikihealing.com/blog/lo-trinh-an-chay-du-chat.html","tofu"
"https://ikihealing.com/blog/lo-trinh-phu-nu-sau-sinh.html","tofu;nhay-cam"
"https://ikihealing.com/blog/tra-thao-moc-cho-phu-nu.html","tofu"
"https://ikihealing.com/blog/bao-quan-tra-thao-moc-giu-huong.html","tofu"
"https://ikihealing.com/blog/nep-uong-tra-buoi-sang-cho-nguoi-ban-ron.html","tofu"
"https://ikihealing.com/blog/chon-tra-lam-qua-tang-suc-khoe.html","mofu"
"https://ikihealing.com/blog/uong-tra-thao-moc-mua-nao-thuc-nao.html","tofu"
"https://ikihealing.com/blog/bot-protein-khong-nong-trong.html","tofu"
"https://ikihealing.com/blog/mua-hop-bot-dam-roi-bo-quen-vi-sao.html","tofu"
"https://ikihealing.com/blog/bot-dam-thanh-dam-sua-dam-pha-san-chon-dang-nao.html","tofu"
"https://ikihealing.com/blog/mang-bot-dam-di-cong-tac-du-lich.html","tofu"
"https://ikihealing.com/blog/pha-bot-dam-cho-ca-nha-moi-nguoi-mot-khau-vi.html","tofu"
"https://ikihealing.com/blog/quang-tham-mat-do-dau.html","tofu"
"https://ikihealing.com/blog/ngu-day-mat-bi-sung.html","tofu"
"https://ikihealing.com/blog/uong-ca-phe-co-bi-den-da-khong.html","tofu"
"https://ikihealing.com/blog/me-di-lam-cham-con-nho-hay-met.html","tofu"
"https://ikihealing.com/blog/nghi-ngoi-dung-cach-cho-phu-nu-ban-ron.html","tofu"
"https://ikihealing.com/blog/an-toi-muon-co-sao-khong.html","tofu"
"https://ikihealing.com/blog/bua-sang-du-dam-cho-phu-nu-ban-ron.html","tofu"
"https://ikihealing.com/blog/chon-tra-thao-moc-viet-nam.html","mofu"
"https://ikihealing.com/blog/da-kho-thieu-chat-gi.html","tofu"
"https://ikihealing.com/blog/hoa-nhai-trong-tra-huong-vi-va-cach-dung.html","tofu"
"https://ikihealing.com/blog/hoa-que-trong-do-uong-huong-am-mua-lanh.html","tofu"
"https://ikihealing.com/blog/nghi-thuc-tra-toi-15-phut.html","tofu"
"https://ikihealing.com/blog/ngu-muon-anh-huong-lan-da.html","tofu"
"https://ikihealing.com/blog/tat-ca-bai-viet.html","tofu"
"https://ikihealing.com/blog/tra-khong-caffeine-uong-buoi-toi.html","tofu"
"https://ikihealing.com/blog/tran-bi-la-gi-trong-do-uong-thao-moc.html","tofu"
"https://ikihealing.com/tai-lieu/","tofu"
"https://ikihealing.com/tai-lieu/cam-nang-suc-khoe-chu-dong.html","tofu"
"https://ikihealing.com/tai-lieu/lang-nghe-co-the.html","tofu"
